Date and Time,Site,Source IP Address,User Name,Application Name,Application Category,Reputation,URL Category,Action Taken,Isolation Type,Total Bytes,Downloaded Bytes,Uploaded Bytes,Client IP Address,Destination IP Address,Destination Port,Protection Area,Malware Name,Block Reason,Rule Name,URL,Method,Content Type,Browser Name,Browser Version,Agent Name,HTTP Status,Location,Process Name,MCP,POP ID,POP Country Code,HTTP Referer,RBI,HTTPS Scanning,AV Upload Scan Enabled,AV Download Scan Enabled,Client Hostname,Filename,POP Egress IP,POP Ingress IP,Proxy Port,DLP Scanning,Malware Probability,Domain Fronting Host,SSL Client Protocol,SSL Server Protocol,Domain Fronting URL,Transaction Time,Processing Time,Time to First Byte from Server,Time to Last Byte from Server
2026-07-16T16:29:58,dns.google,38.7.102.74,advc2808,Unknown,Unknown,Minimal Risk,Internet Services,BLOCK,None,64587,64242,345,10.20.133.43,8.8.4.4,443,No Web Access,,Blocked by URL filtering,Block URLs Whose Category is Listed in Blocked URL Categories,dns.google/dns-query,GET,application/x-empty,Other,,Chrome,403,,microsoft teams webview helper,true,257,US,,false,true,false,false,bd01l05010.local,dns-query,131.229.181.47,131.229.181.147,8080,false,0,,TLSv1.3,,,289ms ,71ms ,0s,0s
2026-07-16T16:29:51,ak-data.magnific.com,38.7.102.74,advc2808,Magnific (formerly Freepik),Artificial Intelligence,Minimal Risk,"Business,Interactive Web Applications,Artificial Intelligence,Generative AI (Image/Audio/Video)",BLOCK,None,68969,65143,3826,10.20.133.43,34.160.205.140,443,No Web Access,,Blocked by URL filtering,Block URLs Whose Category is Listed in Blocked URL Categories,ak-data.magnific.com/app/app/xzo0bvj9t7raco6og0q3,GET,application/x-empty,Safari,26.4,"Mozilla/5.0 (Macintosh; Intel Mac OS X 10_15_7) AppleWebKit/605.1.15 (KHTML, like Gecko) Version/26.4 Safari/605.1.15",403,,safari,true,257,US,,false,true,false,false,bd01l05010.local,xzo0bvj9t7raco6og0q3,131.229.181.47,131.229.181.147,8080,false,0,,TLSv1.3,,,338ms ,67ms ,0s,0s
2026-07-16T16:29:50,ss-prod-ue1-ns.aws.adobess.com,38.7.102.74,advc2808,Unknown,Unknown,Minimal Risk,"Business,Software/Hardware",BLOCK,None,65861,64232,1629,10.20.133.43,54.80.233.240,443,No Web Access,,Blocked by URL filtering,Block URLs Whose Category is Listed in Blocked URL Categories,ss-prod-ue1-ns.aws.adobess.com/api/v1/notifications,GET,application/x-empty,Other,,CCLibrary/4.18.0 darwin/arm64/25.4.0,403,,creative cloud libraries synchr,true,257,US,,false,true,false,false,bd01l05010.local,notifications,131.229.181.47,131.229.181.147,8080,false,0,,TLSv1.3,,,188ms ,69ms ,0s,0s
2026-07-16T16:29:33,chatgpt.com,38.7.102.74,advc2808,OpenAI - ChatGPT,Artificial Intelligence,Minimal Risk,"Interactive Web Applications,Artificial Intelligence",BLOCK,None,74456,65256,9200,10.20.133.43,172.64.155.209,443,No Web Access,,Blocked by URL filtering,Block URLs Whose Category is Listed in Blocked URL Categories,chatgpt.com/ces/v1/telemetry/intake,POST,application/x-empty,Safari,26.4,"Mozilla/5.0 (Macintosh; Intel Mac OS X 10_15_7) AppleWebKit/605.1.15 (KHTML, like Gecko) Version/26.4 Safari/605.1.15",403,,safari,true,257,US,https://chatgpt.com/c/6a58f5ef-8fe4-83e8-971b-85e7bd9554c2,false,true,false,false,bd01l05010.local,intake,131.229.181.47,131.229.181.147,8080,false,0,,TLSv1.3,,,329ms ,70ms ,0s,0s
2026-07-16T16:29:33,chatgpt.com,38.7.102.74,advc2808,OpenAI - ChatGPT,Artificial Intelligence,Minimal Risk,"Interactive Web Applications,Artificial Intelligence",BLOCK,None,73874,64978,8896,10.20.133.43,172.64.155.209,443,No Web Access,,Blocked by URL filtering,Block URLs Whose Category is Listed in Blocked URL Categories,chatgpt.com/ces/statsc/flush,POST,application/x-empty,Safari,26.4,"Mozilla/5.0 (Macintosh; Intel Mac OS X 10_15_7) AppleWebKit/605.1.15 (KHTML, like Gecko) Version/26.4 Safari/605.1.15",403,,safari,true,257,US,https://chatgpt.com/c/6a58f5ef-8fe4-83e8-971b-85e7bd9554c2,false,true,false,false,bd01l05010.local,flush,131.229.181.47,131.229.181.147,8080,false,0,,TLSv1.3,,,323ms ,64ms ,0s,0s
2026-07-16T16:29:32,chatgpt.com,38.7.102.74,advc2808,OpenAI - ChatGPT,Artificial Intelligence,Minimal Risk,"Interactive Web Applications,Artificial Intelligence",BLOCK,None,75422,64961,10461,10.20.133.43,172.64.155.209,443,No Web Access,,Blocked by URL filtering,Block URLs Whose Category is Listed in Blocked URL Categories,chatgpt.com/backend-api/celsius/ws/user,GET,application/x-empty,Safari,26.4,"Mozilla/5.0 (Macintosh; Intel Mac OS X 10_15_7) AppleWebKit/605.1.15 (KHTML, like Gecko) Version/26.4 Safari/605.1.15",403,,safari,true,257,US,https://chatgpt.com/c/6a58f5ef-8fe4-83e8-971b-85e7bd9554c2,false,true,false,false,bd01l05010.local,user,131.229.181.47,131.229.181.147,8080,false,0,,TLSv1.3,,,196ms ,65ms ,0s,0s
2026-07-16T16:29:30,a.nel.cloudflare.com,38.7.102.74,advc2808,Cloudflare,Networking,Minimal Risk,Internet Services,BLOCK,None,65796,65151,645,10.20.133.43,35.190.80.1,443,No Web Access,,Blocked by URL filtering,Block URLs Whose Category is Listed in Blocked URL Categories,a.nel.cloudflare.com/report/v4,OPTIONS,application/x-empty,Electron,41.1.0,"Mozilla/5.0 (Macintosh; Intel Mac OS X 10_15_7) AppleWebKit/537.36 (KHTML, like Gecko) canvadesktopapp-prod/1.122.1 Chrome/146.0.7680.166 Electron/41.1.0 Safari/537.36 (distribution-channel/mac-app-s",403,,canva helper,true,257,US,,false,true,false,false,bd01l05010.local,v4,131.229.181.47,131.229.181.147,8080,false,0,,TLSv1.3,,,295ms ,64ms ,0s,0s
2026-07-16T16:29:30,a.nel.cloudflare.com,38.7.102.74,advc2808,Cloudflare,Networking,Minimal Risk,Internet Services,BLOCK,None,65772,65139,633,10.20.133.43,35.190.80.1,443,No Web Access,,Blocked by URL filtering,Block URLs Whose Category is Listed in Blocked URL Categories,a.nel.cloudflare.com/report/v4,OPTIONS,application/x-empty,Electron,41.1.0,"Mozilla/5.0 (Macintosh; Intel Mac OS X 10_15_7) AppleWebKit/537.36 (KHTML, like Gecko) canvadesktopapp-prod/1.122.1 Chrome/146.0.7680.166 Electron/41.1.0 Safari/537.36 (distribution-channel/mac-app-s",403,,canva helper,true,257,US,,false,true,false,false,bd01l05010.local,v4,131.229.181.47,131.229.181.147,8080,false,0,,TLSv1.3,,,240ms ,65ms ,0s,0s
2026-07-16T16:29:29,chatgpt.com,38.7.102.74,advc2808,OpenAI - ChatGPT,Artificial Intelligence,Minimal Risk,"Interactive Web Applications,Artificial Intelligence",BLOCK,None,76757,65200,11557,10.20.133.43,172.64.155.209,443,No Web Access,,Blocked by URL filtering,Block URLs Whose Category is Listed in Blocked URL Categories,chatgpt.com/ces/v1/telemetry/intake,POST,application/x-empty,Safari,26.4,"Mozilla/5.0 (Macintosh; Intel Mac OS X 10_15_7) AppleWebKit/605.1.15 (KHTML, like Gecko) Version/26.4 Safari/605.1.15",403,,safari,true,257,US,https://chatgpt.com/c/6a58f5ef-8fe4-83e8-971b-85e7bd9554c2,false,true,false,false,bd01l05010.local,intake,131.229.181.47,131.229.181.147,8080,false,0,,TLSv1.3,,,198ms ,64ms ,0s,0s
2026-07-16T16:29:28,ss-prod-ue1-ns.aws.adobess.com,38.7.102.74,advc2808,Unknown,Unknown,Minimal Risk,"Business,Software/Hardware",BLOCK,None,66046,64192,1854,10.20.133.43,52.87.25.189,443,No Web Access,,Blocked by URL filtering,Block URLs Whose Category is Listed in Blocked URL Categories,ss-prod-ue1-ns.aws.adobess.com/api/v1/notifications,GET,application/x-empty,Other,,CoreSync: 7.8.10.1 And MacOS Version 26.4 (Build 25E246),403,,core sync,true,257,US,,false,true,false,false,bd01l05010.local,notifications,131.229.181.47,131.229.181.147,8080,false,0,,TLSv1.3,,,205ms ,69ms ,0s,0s
2026-07-16T16:29:23,ss-prod-ue1-ns.aws.adobess.com,38.7.102.74,advc2808,Unknown,Unknown,Minimal Risk,"Business,Software/Hardware",BLOCK,None,66773,65115,1658,10.20.133.43,54.158.80.202,443,No Web Access,,Blocked by URL filtering,Block URLs Whose Category is Listed in Blocked URL Categories,ss-prod-ue1-ns.aws.adobess.com/api/v1/notifications,GET,application/x-empty,Other,,Adobe UXP Runtime/uxp-9.3.0-uxp (darwin 25.4.0; arm64) Adobe Photoshop/27.8.0 com.adobe.ccx.start/10.9.0.13,403,,adobe photoshop 2026,true,257,US,,false,true,false,false,bd01l05010.local,notifications,131.229.181.47,131.229.181.147,8080,false,0,,TLSv1.3,,,192ms ,64ms ,0s,0s
2026-07-16T16:29:21,ak-data.magnific.com,38.7.102.74,advc2808,Magnific (formerly Freepik),Artificial Intelligence,Minimal Risk,"Business,Interactive Web Applications,Artificial Intelligence,Generative AI (Image/Audio/Video)",BLOCK,None,68969,65143,3826,10.20.133.43,34.160.205.140,443,No Web Access,,Blocked by URL filtering,Block URLs Whose Category is Listed in Blocked URL Categories,ak-data.magnific.com/app/app/xzo0bvj9t7raco6og0q3,GET,application/x-empty,Safari,26.4,"Mozilla/5.0 (Macintosh; Intel Mac OS X 10_15_7) AppleWebKit/605.1.15 (KHTML, like Gecko) Version/26.4 Safari/605.1.15",403,,safari,true,257,US,,false,true,false,false,bd01l05010.local,xzo0bvj9t7raco6og0q3,131.229.181.47,131.229.181.147,8080,false,0,,TLSv1.3,,,210ms ,66ms ,0s,0s
2026-07-16T16:29:06,ak-data.magnific.com,38.7.102.74,advc2808,Magnific (formerly Freepik),Artificial Intelligence,Minimal Risk,"Business,Interactive Web Applications,Artificial Intelligence,Generative AI (Image/Audio/Video)",BLOCK,None,68969,65143,3826,10.20.133.43,34.160.205.140,443,No Web Access,,Blocked by URL filtering,Block URLs Whose Category is Listed in Blocked URL Categories,ak-data.magnific.com/app/app/xzo0bvj9t7raco6og0q3,GET,application/x-empty,Safari,26.4,"Mozilla/5.0 (Macintosh; Intel Mac OS X 10_15_7) AppleWebKit/605.1.15 (KHTML, like Gecko) Version/26.4 Safari/605.1.15",403,,safari,true,257,US,,false,true,false,false,bd01l05010.local,xzo0bvj9t7raco6og0q3,131.229.181.47,131.229.181.147,8080,false,0,,TLSv1.3,,,342ms ,69ms ,0s,0s
2026-07-16T16:29:05,ak-data.magnific.com,38.7.102.74,advc2808,Magnific (formerly Freepik),Artificial Intelligence,Minimal Risk,"Business,Interactive Web Applications,Artificial Intelligence,Generative AI (Image/Audio/Video)",BLOCK,None,68969,65143,3826,10.20.133.43,34.160.205.140,443,No Web Access,,Blocked by URL filtering,Block URLs Whose Category is Listed in Blocked URL Categories,ak-data.magnific.com/app/app/xzo0bvj9t7raco6og0q3,GET,application/x-empty,Safari,26.4,"Mozilla/5.0 (Macintosh; Intel Mac OS X 10_15_7) AppleWebKit/605.1.15 (KHTML, like Gecko) Version/26.4 Safari/605.1.15",403,,safari,true,257,US,,false,true,false,false,bd01l05010.local,xzo0bvj9t7raco6og0q3,131.229.181.47,131.229.181.147,8080,false,0,,TLSv1.3,,,392ms ,63ms ,0s,0s
2026-07-16T16:28:58,chatgpt.com,38.7.102.74,advc2808,OpenAI - ChatGPT,Artificial Intelligence,Minimal Risk,"Interactive Web Applications,Artificial Intelligence",BLOCK,None,80782,65198,15584,10.20.133.43,104.18.32.47,443,No Web Access,,Blocked by URL filtering,Block URLs Whose Category is Listed in Blocked URL Categories,chatgpt.com/ces/v1/telemetry/intake,POST,application/x-empty,Safari,26.4,"Mozilla/5.0 (Macintosh; Intel Mac OS X 10_15_7) AppleWebKit/605.1.15 (KHTML, like Gecko) Version/26.4 Safari/605.1.15",403,,safari,true,257,US,https://chatgpt.com/c/6a58f5ef-8fe4-83e8-971b-85e7bd9554c2,false,true,false,false,bd01l05010.local,intake,131.229.181.47,131.229.181.147,8080,false,0,,TLSv1.3,,,256ms ,64ms ,0s,0s
2026-07-16T16:28:58,ss-prod-ue1-ns.aws.adobess.com,38.7.102.74,advc2808,Unknown,Unknown,Minimal Risk,"Business,Software/Hardware",BLOCK,None,66562,64986,1576,10.20.133.43,54.243.201.13,443,No Web Access,,Blocked by URL filtering,Block URLs Whose Category is Listed in Blocked URL Categories,ss-prod-ue1-ns.aws.adobess.com/api/v1/notifications,GET,application/x-empty,Other,,Adobe UXP Runtime/uxp-9.3.0-local (darwin 25.4.0; arm64) Illustrator/30.6.0 com.adobe.ccx.start/10.9.1.1,403,,adobe illustrator,true,257,US,,false,true,false,false,bd01l05010.local,notifications,131.229.181.47,131.229.181.147,8080,false,0,,TLSv1.3,,,263ms ,65ms ,0s,0s
2026-07-16T16:28:58,chatgpt.com,38.7.102.74,advc2808,OpenAI - ChatGPT,Artificial Intelligence,Minimal Risk,"Interactive Web Applications,Artificial Intelligence",BLOCK,None,75420,64959,10461,10.20.133.43,104.18.32.47,443,No Web Access,,Blocked by URL filtering,Block URLs Whose Category is Listed in Blocked URL Categories,chatgpt.com/backend-api/celsius/ws/user,GET,application/x-empty,Safari,26.4,"Mozilla/5.0 (Macintosh; Intel Mac OS X 10_15_7) AppleWebKit/605.1.15 (KHTML, like Gecko) Version/26.4 Safari/605.1.15",403,,safari,true,257,US,https://chatgpt.com/c/6a58f5ef-8fe4-83e8-971b-85e7bd9554c2,false,true,false,false,bd01l05010.local,user,131.229.181.47,131.229.181.147,8080,false,0,,TLSv1.3,,,222ms ,66ms ,0s,0s
2026-07-16T16:28:41,chatgpt.com,38.7.102.74,advc2808,OpenAI - ChatGPT,Artificial Intelligence,Minimal Risk,"Interactive Web Applications,Artificial Intelligence",BLOCK,None,75420,64959,10461,10.20.133.43,104.18.32.47,443,No Web Access,,Blocked by URL filtering,Block URLs Whose Category is Listed in Blocked URL Categories,chatgpt.com/backend-api/celsius/ws/user,GET,application/x-empty,Safari,26.4,"Mozilla/5.0 (Macintosh; Intel Mac OS X 10_15_7) AppleWebKit/605.1.15 (KHTML, like Gecko) Version/26.4 Safari/605.1.15",403,,safari,true,257,US,https://chatgpt.com/c/6a58f5ef-8fe4-83e8-971b-85e7bd9554c2,false,true,false,false,bd01l05010.local,user,131.229.181.47,131.229.181.147,8080,false,0,,TLSv1.3,,,206ms ,69ms ,0s,0s
2026-07-16T16:28:32,chatgpt.com,38.7.102.74,advc2808,OpenAI - ChatGPT,Artificial Intelligence,Minimal Risk,"Interactive Web Applications,Artificial Intelligence",BLOCK,None,75420,64959,10461,10.20.133.43,104.18.32.47,443,No Web Access,,Blocked by URL filtering,Block URLs Whose Category is Listed in Blocked URL Categories,chatgpt.com/backend-api/celsius/ws/user,GET,application/x-empty,Safari,26.4,"Mozilla/5.0 (Macintosh; Intel Mac OS X 10_15_7) AppleWebKit/605.1.15 (KHTML, like Gecko) Version/26.4 Safari/605.1.15",403,,safari,true,257,US,https://chatgpt.com/c/6a58f5ef-8fe4-83e8-971b-85e7bd9554c2,false,true,false,false,bd01l05010.local,user,131.229.181.47,131.229.181.147,8080,false,0,,TLSv1.3,,,557ms ,62ms ,0s,0s
2026-07-16T16:28:32,ss-prod-ue1-ns.aws.adobess.com,38.7.102.74,advc2808,Unknown,Unknown,Minimal Risk,"Business,Software/Hardware",BLOCK,None,66047,64193,1854,10.20.133.43,18.232.19.173,443,No Web Access,,Blocked by URL filtering,Block URLs Whose Category is Listed in Blocked URL Categories,ss-prod-ue1-ns.aws.adobess.com/api/v1/notifications,GET,application/x-empty,Other,,CoreSync: 7.8.10.1 And MacOS Version 26.4 (Build 25E246),403,,core sync,true,257,US,,false,true,false,false,bd01l05010.local,notifications,131.229.181.47,131.229.181.147,8080,false,0,,TLSv1.3,,,537ms ,64ms ,0s,0s
2026-07-16T16:28:30,a.nel.cloudflare.com,38.7.102.74,advc2808,Cloudflare,Networking,Minimal Risk,Internet Services,BLOCK,None,65772,65139,633,10.20.133.43,35.190.80.1,443,No Web Access,,Blocked by URL filtering,Block URLs Whose Category is Listed in Blocked URL Categories,a.nel.cloudflare.com/report/v4,OPTIONS,application/x-empty,Electron,41.1.0,"Mozilla/5.0 (Macintosh; Intel Mac OS X 10_15_7) AppleWebKit/537.36 (KHTML, like Gecko) canvadesktopapp-prod/1.122.1 Chrome/146.0.7680.166 Electron/41.1.0 Safari/537.36 (distribution-channel/mac-app-s",403,,canva helper,true,257,US,,false,true,false,false,bd01l05010.local,v4,131.229.181.47,131.229.181.147,8080,false,0,,TLSv1.3,,,238ms ,66ms ,0s,0s
2026-07-16T16:28:30,a.nel.cloudflare.com,38.7.102.74,advc2808,Cloudflare,Networking,Minimal Risk,Internet Services,BLOCK,None,65800,65153,647,10.20.133.43,35.190.80.1,443,No Web Access,,Blocked by URL filtering,Block URLs Whose Category is Listed in Blocked URL Categories,a.nel.cloudflare.com/report/v4,OPTIONS,application/x-empty,Electron,41.1.0,"Mozilla/5.0 (Macintosh; Intel Mac OS X 10_15_7) AppleWebKit/537.36 (KHTML, like Gecko) canvadesktopapp-prod/1.122.1 Chrome/146.0.7680.166 Electron/41.1.0 Safari/537.36 (distribution-channel/mac-app-s",403,,canva helper,true,257,US,,false,true,false,false,bd01l05010.local,v4,131.229.181.47,131.229.181.147,8080,false,0,,TLSv1.3,,,275ms ,63ms ,0s,0s
2026-07-16T16:27:50,ss-prod-ue1-ns.aws.adobess.com,38.7.102.74,advc2808,Unknown,Unknown,Minimal Risk,"Business,Software/Hardware",BLOCK,None,65861,64232,1629,10.20.133.43,44.205.146.14,443,No Web Access,,Blocked by URL filtering,Block URLs Whose Category is Listed in Blocked URL Categories,ss-prod-ue1-ns.aws.adobess.com/api/v1/notifications,GET,application/x-empty,Other,,CCLibrary/4.18.0 darwin/arm64/25.4.0,403,,creative cloud libraries synchr,true,257,US,,false,true,false,false,bd01l05010.local,notifications,131.229.181.47,131.229.181.147,8080,false,0,,TLSv1.3,,,185ms ,63ms ,0s,0s
2026-07-16T16:27:43,ss-prod-ue1-ns.aws.adobess.com,38.7.102.74,advc2808,Unknown,Unknown,Minimal Risk,"Business,Software/Hardware",BLOCK,None,66047,64193,1854,10.20.133.43,44.205.146.14,443,No Web Access,,Blocked by URL filtering,Block URLs Whose Category is Listed in Blocked URL Categories,ss-prod-ue1-ns.aws.adobess.com/api/v1/notifications,GET,application/x-empty,Other,,CoreSync: 7.8.10.1 And MacOS Version 26.4 (Build 25E246),403,,core sync,true,257,US,,false,true,false,false,bd01l05010.local,notifications,131.229.181.47,131.229.181.147,8080,false,0,,TLSv1.3,,,191ms ,65ms ,0s,0s
2026-07-16T16:27:41,dns.google,38.7.102.74,advc2808,Unknown,Unknown,Minimal Risk,Internet Services,BLOCK,None,64587,64242,345,10.20.133.43,8.8.8.8,443,No Web Access,,Blocked by URL filtering,Block URLs Whose Category is Listed in Blocked URL Categories,dns.google/dns-query,GET,application/x-empty,Other,,Chrome,403,,acrocef helper,true,257,US,,false,true,false,false,bd01l05010.local,dns-query,131.229.181.47,131.229.181.147,8080,false,0,,TLSv1.3,,,294ms ,63ms ,0s,0s
2026-07-16T16:27:40,chrome.cloudflare-dns.com,38.7.102.74,advc2808,Unknown,Unknown,Minimal Risk,Anonymizing Utilities,BLOCK,None,64489,64116,373,10.20.133.43,172.64.41.3,443,No Web Access,,Blocked by URL filtering,Block URLs Whose Category is Listed in Blocked URL Categories,chrome.cloudflare-dns.com/dns-query,POST,application/x-empty,Other,,Chrome,403,,acrocef helper,true,257,US,,false,true,false,false,bd01l05010.local,dns-query,131.229.181.47,131.229.181.147,8080,false,0,,TLSv1.3,,,447ms ,61ms ,0s,0s
2026-07-16T16:27:31,a.nel.cloudflare.com,38.7.102.74,advc2808,Cloudflare,Networking,Minimal Risk,Internet Services,BLOCK,None,65764,65135,629,10.20.133.43,35.190.80.1,443,No Web Access,,Blocked by URL filtering,Block URLs Whose Category is Listed in Blocked URL Categories,a.nel.cloudflare.com/report/v4,OPTIONS,application/x-empty,Electron,41.1.0,"Mozilla/5.0 (Macintosh; Intel Mac OS X 10_15_7) AppleWebKit/537.36 (KHTML, like Gecko) canvadesktopapp-prod/1.122.1 Chrome/146.0.7680.166 Electron/41.1.0 Safari/537.36 (distribution-channel/mac-app-s",403,,canva helper,true,257,US,,false,true,false,false,bd01l05010.local,v4,131.229.181.47,131.229.181.147,8080,false,0,,TLSv1.3,,,649ms ,64ms ,0s,0s
2026-07-16T16:27:22,ss-prod-ue1-ns.aws.adobess.com,38.7.102.74,advc2808,Unknown,Unknown,Minimal Risk,"Business,Software/Hardware",BLOCK,None,66773,65115,1658,10.20.133.43,44.205.146.14,443,No Web Access,,Blocked by URL filtering,Block URLs Whose Category is Listed in Blocked URL Categories,ss-prod-ue1-ns.aws.adobess.com/api/v1/notifications,GET,application/x-empty,Other,,Adobe UXP Runtime/uxp-9.3.0-uxp (darwin 25.4.0; arm64) Adobe Photoshop/27.8.0 com.adobe.ccx.start/10.9.0.13,403,,adobe photoshop 2026,true,257,US,,false,true,false,false,bd01l05010.local,notifications,131.229.181.47,131.229.181.147,8080,false,0,,TLSv1.3,,,221ms ,64ms ,0s,0s
2026-07-16T16:27:14,chrome.cloudflare-dns.com,38.7.102.74,advc2808,Unknown,Unknown,Minimal Risk,Anonymizing Utilities,BLOCK,None,64489,64116,373,10.20.133.43,172.64.41.3,443,No Web Access,,Blocked by URL filtering,Block URLs Whose Category is Listed in Blocked URL Categories,chrome.cloudflare-dns.com/dns-query,POST,application/x-empty,Other,,Chrome,403,,microsoft teams webview helper,true,257,US,,false,true,false,false,bd01l05010.local,dns-query,131.229.181.47,131.229.181.147,8080,false,0,,TLSv1.3,,,306ms ,63ms ,0s,0s
2026-07-16T16:27:07,dns.google,38.7.102.74,advc2808,Unknown,Unknown,Minimal Risk,Internet Services,BLOCK,None,64587,64242,345,10.20.133.43,8.8.8.8,443,No Web Access,,Blocked by URL filtering,Block URLs Whose Category is Listed in Blocked URL Categories,dns.google/dns-query,GET,application/x-empty,Other,,Chrome,403,,microsoft teams webview helper,true,257,US,,false,true,false,false,bd01l05010.local,dns-query,131.229.181.47,131.229.181.147,8080,false,0,,TLSv1.3,,,364ms ,66ms ,0s,0s
2026-07-16T16:26:57,ss-prod-ue1-ns.aws.adobess.com,38.7.102.74,advc2808,Unknown,Unknown,Minimal Risk,"Business,Software/Hardware",BLOCK,None,66562,64986,1576,10.20.133.43,34.233.251.59,443,No Web Access,,Blocked by URL filtering,Block URLs Whose Category is Listed in Blocked URL Categories,ss-prod-ue1-ns.aws.adobess.com/api/v1/notifications,GET,application/x-empty,Other,,Adobe UXP Runtime/uxp-9.3.0-local (darwin 25.4.0; arm64) Illustrator/30.6.0 com.adobe.ccx.start/10.9.1.1,403,,adobe illustrator,true,257,US,,false,true,false,false,bd01l05010.local,notifications,131.229.181.47,131.229.181.147,8080,false,0,,TLSv1.3,,,189ms ,64ms ,0s,0s
2026-07-16T16:26:56,ss-prod-ue1-ns.aws.adobess.com,38.7.102.74,advc2808,Unknown,Unknown,Minimal Risk,"Business,Software/Hardware",BLOCK,None,66047,64193,1854,10.20.133.43,54.80.233.240,443,No Web Access,,Blocked by URL filtering,Block URLs Whose Category is Listed in Blocked URL Categories,ss-prod-ue1-ns.aws.adobess.com/api/v1/notifications,GET,application/x-empty,Other,,CoreSync: 7.8.10.1 And MacOS Version 26.4 (Build 25E246),403,,core sync,true,257,US,,false,true,false,false,bd01l05010.local,notifications,131.229.181.47,131.229.181.147,8080,false,0,,TLSv1.3,,,358ms ,63ms ,0s,0s
2026-07-16T16:26:30,a.nel.cloudflare.com,38.7.102.74,advc2808,Cloudflare,Networking,Minimal Risk,Internet Services,BLOCK,None,65784,65145,639,10.20.133.43,35.190.80.1,443,No Web Access,,Blocked by URL filtering,Block URLs Whose Category is Listed in Blocked URL Categories,a.nel.cloudflare.com/report/v4,OPTIONS,application/x-empty,Electron,41.1.0,"Mozilla/5.0 (Macintosh; Intel Mac OS X 10_15_7) AppleWebKit/537.36 (KHTML, like Gecko) canvadesktopapp-prod/1.122.1 Chrome/146.0.7680.166 Electron/41.1.0 Safari/537.36 (distribution-channel/mac-app-s",403,,canva helper,true,257,US,,false,true,false,false,bd01l05010.local,v4,131.229.181.47,131.229.181.147,8080,false,0,,TLSv1.3,,,298ms ,64ms ,0s,0s
2026-07-16T16:25:49,ss-prod-ue1-ns.aws.adobess.com,38.7.102.74,advc2808,Unknown,Unknown,Minimal Risk,"Business,Software/Hardware",BLOCK,None,65861,64232,1629,10.20.133.43,54.243.201.13,443,No Web Access,,Blocked by URL filtering,Block URLs Whose Category is Listed in Blocked URL Categories,ss-prod-ue1-ns.aws.adobess.com/api/v1/notifications,GET,application/x-empty,Other,,CCLibrary/4.18.0 darwin/arm64/25.4.0,403,,creative cloud libraries synchr,true,257,US,,false,true,false,false,bd01l05010.local,notifications,131.229.181.47,131.229.181.147,8080,false,0,,TLSv1.3,,,206ms ,73ms ,0s,0s
2026-07-16T16:25:45,hbrt.adobe.com,38.7.102.74,advc2808,Unknown,Unknown,Minimal Risk,"Business,Software/Hardware",BLOCK,None,61374,61374,0,10.20.133.43,192.147.130.245,443,No Web Access,,TLS handshake failed,handshakefailed,hbrt.adobe.com/,CONNECT,application/x-empty,Other,,,500,,adobe photoshop 2026,true,257,US,,false,true,false,false,bd01l05010.local,,131.229.181.47,131.229.181.147,8080,false,0,,,,,24s 860ms ,25ms ,0s,0s
2026-07-16T16:25:34,ss-prod-ue1-ns.aws.adobess.com,38.7.102.74,advc2808,Unknown,Unknown,Minimal Risk,"Business,Software/Hardware",BLOCK,None,66047,64193,1854,10.20.133.43,54.80.233.240,443,No Web Access,,Blocked by URL filtering,Block URLs Whose Category is Listed in Blocked URL Categories,ss-prod-ue1-ns.aws.adobess.com/api/v1/notifications,GET,application/x-empty,Other,,CoreSync: 7.8.10.1 And MacOS Version 26.4 (Build 25E246),403,,core sync,true,257,US,,false,true,false,false,bd01l05010.local,notifications,131.229.181.47,131.229.181.147,8080,false,0,,TLSv1.3,,,197ms ,63ms ,0s,0s
2026-07-16T16:25:30,a.nel.cloudflare.com,38.7.102.74,advc2808,Cloudflare,Networking,Minimal Risk,Internet Services,BLOCK,None,65776,65141,635,10.20.133.43,35.190.80.1,443,No Web Access,,Blocked by URL filtering,Block URLs Whose Category is Listed in Blocked URL Categories,a.nel.cloudflare.com/report/v4,OPTIONS,application/x-empty,Electron,41.1.0,"Mozilla/5.0 (Macintosh; Intel Mac OS X 10_15_7) AppleWebKit/537.36 (KHTML, like Gecko) canvadesktopapp-prod/1.122.1 Chrome/146.0.7680.166 Electron/41.1.0 Safari/537.36 (distribution-channel/mac-app-s",403,,canva helper,true,257,US,,false,true,false,false,bd01l05010.local,v4,131.229.181.47,131.229.181.147,8080,false,0,,TLSv1.3,,,306ms ,69ms ,0s,0s
2026-07-16T16:25:22,ss-prod-ue1-ns.aws.adobess.com,38.7.102.74,advc2808,Unknown,Unknown,Minimal Risk,"Business,Software/Hardware",BLOCK,None,66775,65117,1658,10.20.133.43,174.129.240.188,443,No Web Access,,Blocked by URL filtering,Block URLs Whose Category is Listed in Blocked URL Categories,ss-prod-ue1-ns.aws.adobess.com/api/v1/notifications,GET,application/x-empty,Other,,Adobe UXP Runtime/uxp-9.3.0-uxp (darwin 25.4.0; arm64) Adobe Photoshop/27.8.0 com.adobe.ccx.start/10.9.0.13,403,,adobe photoshop 2026,true,257,US,,false,true,false,false,bd01l05010.local,notifications,131.229.181.47,131.229.181.147,8080,false,0,,TLSv1.3,,,187ms ,61ms ,0s,0s
2026-07-16T16:25:15,chrome.cloudflare-dns.com,38.7.102.74,advc2808,Unknown,Unknown,Minimal Risk,Anonymizing Utilities,BLOCK,None,64490,64117,373,10.20.133.43,162.159.61.3,443,No Web Access,,Blocked by URL filtering,Block URLs Whose Category is Listed in Blocked URL Categories,chrome.cloudflare-dns.com/dns-query,POST,application/x-empty,Other,,Chrome,403,,microsoft teams webview helper,true,257,US,,false,true,false,false,bd01l05010.local,dns-query,131.229.181.47,131.229.181.147,8080,false,0,,TLSv1.3,,,240ms ,61ms ,0s,0s
2026-07-16T16:25:05,dns.google,38.7.102.74,advc2808,Unknown,Unknown,Minimal Risk,Internet Services,BLOCK,None,64587,64242,345,10.20.133.43,8.8.4.4,443,No Web Access,,Blocked by URL filtering,Block URLs Whose Category is Listed in Blocked URL Categories,dns.google/dns-query,GET,application/x-empty,Other,,Chrome,403,,microsoft teams webview helper,true,257,US,,false,true,false,false,bd01l05010.local,dns-query,131.229.181.47,131.229.181.147,8080,false,0,,TLSv1.3,,,320ms ,66ms ,0s,0s
2026-07-16T16:24:56,ss-prod-ue1-ns.aws.adobess.com,38.7.102.74,advc2808,Unknown,Unknown,Minimal Risk,"Business,Software/Hardware",BLOCK,None,66561,64985,1576,10.20.133.43,52.87.25.189,443,No Web Access,,Blocked by URL filtering,Block URLs Whose Category is Listed in Blocked URL Categories,ss-prod-ue1-ns.aws.adobess.com/api/v1/notifications,GET,application/x-empty,Other,,Adobe UXP Runtime/uxp-9.3.0-local (darwin 25.4.0; arm64) Illustrator/30.6.0 com.adobe.ccx.start/10.9.1.1,403,,adobe illustrator,true,257,US,,false,true,false,false,bd01l05010.local,notifications,131.229.181.47,131.229.181.147,8080,false,0,,TLSv1.3,,,851ms ,79ms ,0s,0s
2026-07-16T16:24:30,a.nel.cloudflare.com,38.7.102.74,advc2808,Cloudflare,Networking,Minimal Risk,Internet Services,BLOCK,None,65772,65139,633,10.20.133.43,35.190.80.1,443,No Web Access,,Blocked by URL filtering,Block URLs Whose Category is Listed in Blocked URL Categories,a.nel.cloudflare.com/report/v4,OPTIONS,application/x-empty,Electron,41.1.0,"Mozilla/5.0 (Macintosh; Intel Mac OS X 10_15_7) AppleWebKit/537.36 (KHTML, like Gecko) canvadesktopapp-prod/1.122.1 Chrome/146.0.7680.166 Electron/41.1.0 Safari/537.36 (distribution-channel/mac-app-s",403,,canva helper,true,257,US,,false,true,false,false,bd01l05010.local,v4,131.229.181.47,131.229.181.147,8080,false,0,,TLSv1.3,,,289ms ,66ms ,0s,0s
2026-07-16T16:24:29,www.bbc.com,38.7.102.74,advc2808,Unknown,Unknown,Minimal Risk,General News,BLOCK,None,67866,64852,3014,10.20.133.43,151.101.252.81,443,No Web Access,,Blocked by URL filtering,Block URLs Whose Category is Listed in Blocked URL Categories,www.bbc.com/,GET,application/x-empty,Safari,26.4,"Mozilla/5.0 (Macintosh; Intel Mac OS X 10_15_7) AppleWebKit/605.1.15 (KHTML, like Gecko) Version/26.4 Safari/605.1.15",403,,safari,true,257,US,,false,true,false,false,bd01l05010.local,,131.229.181.47,131.229.181.147,8080,false,0,,TLSv1.3,,,288ms ,66ms ,0s,0s
2026-07-16T16:24:13,api.oaistatsig.com,38.7.102.74,advc2808,Unknown,Unknown,Minimal Risk,Internet Services,BLOCK,None,65517,64903,614,10.20.133.43,172.64.145.103,443,No Web Access,,Blocked by URL filtering,Block URLs Whose Category is Listed in Blocked URL Categories,api.oaistatsig.com/v1/sdk_exception,OPTIONS,application/x-empty,Safari,26.4,"Mozilla/5.0 (Macintosh; Intel Mac OS X 10_15_7) AppleWebKit/605.1.15 (KHTML, like Gecko) Version/26.4 Safari/605.1.15",403,,safari,true,257,US,https://chatgpt.com/,false,true,false,false,bd01l05010.local,sdk_exception,131.229.181.47,131.229.181.147,8080,false,0,,TLSv1.3,,,370ms ,66ms ,0s,0s
2026-07-16T16:24:12,ss-prod-ue1-ns.aws.adobess.com,38.7.102.74,advc2808,Unknown,Unknown,Minimal Risk,"Business,Software/Hardware",BLOCK,None,66047,64193,1854,10.20.133.43,18.232.19.173,443,No Web Access,,Blocked by URL filtering,Block URLs Whose Category is Listed in Blocked URL Categories,ss-prod-ue1-ns.aws.adobess.com/api/v1/notifications,GET,application/x-empty,Other,,CoreSync: 7.8.10.1 And MacOS Version 26.4 (Build 25E246),403,,core sync,true,257,US,,false,true,false,false,bd01l05010.local,notifications,131.229.181.47,131.229.181.147,8080,false,0,,TLSv1.3,,,244ms ,76ms ,0s,0s
2026-07-16T16:24:12,chatgpt.com,38.7.102.74,advc2808,OpenAI - ChatGPT,Artificial Intelligence,Minimal Risk,"Interactive Web Applications,Artificial Intelligence",BLOCK,None,77241,65139,12102,10.20.133.43,172.64.155.209,443,No Web Access,,Blocked by URL filtering,Block URLs Whose Category is Listed in Blocked URL Categories,chatgpt.com/ces/v1/rgstr,POST,application/x-empty,Safari,26.4,"Mozilla/5.0 (Macintosh; Intel Mac OS X 10_15_7) AppleWebKit/605.1.15 (KHTML, like Gecko) Version/26.4 Safari/605.1.15",403,,safari,true,257,US,https://chatgpt.com/c/6a58f5ef-8fe4-83e8-971b-85e7bd9554c2,false,true,false,false,bd01l05010.local,rgstr,131.229.181.47,131.229.181.147,8080,false,0,,TLSv1.3,,,228ms ,71ms ,0s,0s
2026-07-16T16:24:02,chatgpt.com,38.7.102.74,advc2808,OpenAI - ChatGPT,Artificial Intelligence,Minimal Risk,"Interactive Web Applications,Artificial Intelligence",BLOCK,None,75898,64997,10901,10.20.133.43,172.64.155.209,443,No Web Access,,Blocked by URL filtering,Block URLs Whose Category is Listed in Blocked URL Categories,chatgpt.com/backend-api/conversation/init,POST,application/x-empty,Safari,26.4,"Mozilla/5.0 (Macintosh; Intel Mac OS X 10_15_7) AppleWebKit/605.1.15 (KHTML, like Gecko) Version/26.4 Safari/605.1.15",403,,safari,true,257,US,https://chatgpt.com/c/6a58f5ef-8fe4-83e8-971b-85e7bd9554c2,false,true,false,false,bd01l05010.local,init,131.229.181.47,131.229.181.147,8080,false,0,,TLSv1.3,,,252ms ,75ms ,0s,0s
2026-07-16T16:24:01,chatgpt.com,38.7.102.74,advc2808,OpenAI - ChatGPT,Artificial Intelligence,Minimal Risk,"Interactive Web Applications,Artificial Intelligence",BLOCK,None,75771,65040,10731,10.20.133.43,104.18.32.47,443,No Web Access,,Blocked by URL filtering,Block URLs Whose Category is Listed in Blocked URL Categories,chatgpt.com/backend-api/conversations,GET,application/x-empty,Safari,26.4,"Mozilla/5.0 (Macintosh; Intel Mac OS X 10_15_7) AppleWebKit/605.1.15 (KHTML, like Gecko) Version/26.4 Safari/605.1.15",403,,safari,true,257,US,https://chatgpt.com/c/6a58f5ef-8fe4-83e8-971b-85e7bd9554c2,false,true,false,false,bd01l05010.local,conversations,131.229.181.47,131.229.181.147,8080,false,0,,TLSv1.3,,,205ms ,66ms ,0s,0s
2026-07-16T16:23:54,chrome.cloudflare-dns.com,38.7.102.74,advc2808,Unknown,Unknown,Minimal Risk,Anonymizing Utilities,BLOCK,None,64489,64116,373,10.20.133.43,172.64.41.3,443,No Web Access,,Blocked by URL filtering,Block URLs Whose Category is Listed in Blocked URL Categories,chrome.cloudflare-dns.com/dns-query,POST,application/x-empty,Other,,Chrome,403,,microsoft teams webview helper,true,257,US,,false,true,false,false,bd01l05010.local,dns-query,131.229.181.47,131.229.181.147,8080,false,0,,TLSv1.3,,,303ms ,59ms ,0s,0s
2026-07-16T16:23:50,www.bbc.com,38.7.102.74,advc2808,Unknown,Unknown,Minimal Risk,General News,BLOCK,None,67866,64852,3014,10.20.133.43,151.101.252.81,443,No Web Access,,Blocked by URL filtering,Block URLs Whose Category is Listed in Blocked URL Categories,www.bbc.com/,GET,application/x-empty,Safari,26.4,"Mozilla/5.0 (Macintosh; Intel Mac OS X 10_15_7) AppleWebKit/605.1.15 (KHTML, like Gecko) Version/26.4 Safari/605.1.15",403,,safari,true,257,US,,false,true,false,false,bd01l05010.local,,131.229.181.47,131.229.181.147,8080,false,0,,TLSv1.3,,,213ms ,70ms ,0s,0s
2026-07-16T16:23:48,ss-prod-ue1-ns.aws.adobess.com,38.7.102.74,advc2808,Unknown,Unknown,Minimal Risk,"Business,Software/Hardware",BLOCK,None,65861,64232,1629,10.20.133.43,18.232.19.173,443,No Web Access,,Blocked by URL filtering,Block URLs Whose Category is Listed in Blocked URL Categories,ss-prod-ue1-ns.aws.adobess.com/api/v1/notifications,GET,application/x-empty,Other,,CCLibrary/4.18.0 darwin/arm64/25.4.0,403,,creative cloud libraries synchr,true,257,US,,false,true,false,false,bd01l05010.local,notifications,131.229.181.47,131.229.181.147,8080,false,0,,TLSv1.3,,,197ms ,66ms ,0s,0s
2026-07-16T16:23:47,pagead2.googlesyndication.com,38.7.102.74,advc2808,Unknown,Unknown,Minimal Risk,Web Ads,BLOCK,None,65343,64888,455,10.20.133.43,142.251.214.162,443,No Web Access,,Blocked by URL filtering,Block URLs Whose Category is Listed in Blocked URL Categories,pagead2.googlesyndication.com/pagead/js/lidar.js,GET,application/x-empty,Safari,26.4,"Mozilla/5.0 (Macintosh; Intel Mac OS X 10_15_7) AppleWebKit/605.1.15 (KHTML, like Gecko) Version/26.4 Safari/605.1.15",403,,safari,true,257,US,https://www.prensa.com/,false,true,false,false,bd01l05010.local,lidar.js,131.229.181.47,131.229.181.147,8080,false,0,,TLSv1.3,,,9s 185ms ,65ms ,0s,0s
2026-07-16T16:23:45,dns.google,38.7.102.74,advc2808,Unknown,Unknown,Minimal Risk,Internet Services,BLOCK,None,64587,64242,345,10.20.133.43,8.8.8.8,443,No Web Access,,Blocked by URL filtering,Block URLs Whose Category is Listed in Blocked URL Categories,dns.google/dns-query,GET,application/x-empty,Other,,Chrome,403,,microsoft teams webview helper,true,257,US,,false,true,false,false,bd01l05010.local,dns-query,131.229.181.47,131.229.181.147,8080,false,0,,TLSv1.3,,,312ms ,65ms ,0s,0s
2026-07-16T16:23:40,multimedia.corprensa.com,38.7.102.74,advc2808,Unknown,Unknown,Minimal Risk,Business,BLOCK,None,65468,64891,577,10.20.133.43,172.67.191.106,443,No Web Access,,Blocked by URL filtering,Block URLs Whose Category is Listed in Blocked URL Categories,multimedia.corprensa.com/la-prensa/assets/pateando_solo.jpg,GET,application/x-empty,Safari,26.4,"Mozilla/5.0 (Macintosh; Intel Mac OS X 10_15_7) AppleWebKit/605.1.15 (KHTML, like Gecko) Version/26.4 Safari/605.1.15",403,,safari,true,257,US,https://www.prensa.com/,false,true,false,false,bd01l05010.local,pateando_solo.jpg,131.229.181.47,131.229.181.147,8080,false,0,,TLSv1.3,,,313ms ,66ms ,0s,0s
2026-07-16T16:23:40,img.youtube.com,38.7.102.74,advc2808,YouTube,Content Sharing,Minimal Risk,Content Server,BLOCK,None,65450,64888,562,10.20.133.43,142.250.176.78,443,No Web Access,,Blocked by URL filtering,Block URLs Whose Category is Listed in Blocked URL Categories,img.youtube.com/vi/12hu6DbVYYs/sddefault.jpg,GET,application/x-empty,Safari,26.4,"Mozilla/5.0 (Macintosh; Intel Mac OS X 10_15_7) AppleWebKit/605.1.15 (KHTML, like Gecko) Version/26.4 Safari/605.1.15",403,,safari,true,257,US,https://www.prensa.com/,false,true,false,false,bd01l05010.local,sddefault.jpg,131.229.181.47,131.229.181.147,8080,false,0,,TLSv1.3,,,299ms ,66ms ,0s,0s
2026-07-16T16:23:40,multimedia.corprensa.com,38.7.102.74,advc2808,Unknown,Unknown,Minimal Risk,Business,BLOCK,None,65468,64890,578,10.20.133.43,104.21.76.80,443,No Web Access,,Blocked by URL filtering,Block URLs Whose Category is Listed in Blocked URL Categories,multimedia.corprensa.com/la-prensa/assets/quesiqueswebp.webp,GET,application/x-empty,Safari,26.4,"Mozilla/5.0 (Macintosh; Intel Mac OS X 10_15_7) AppleWebKit/605.1.15 (KHTML, like Gecko) Version/26.4 Safari/605.1.15",403,,safari,true,257,US,https://www.prensa.com/,false,true,false,false,bd01l05010.local,quesiqueswebp.webp,131.229.181.47,131.229.181.147,8080,false,0,,TLSv1.3,,,279ms ,67ms ,0s,0s
2026-07-16T16:23:40,multimedia.corprensa.com,38.7.102.74,advc2808,Unknown,Unknown,Minimal Risk,Business,BLOCK,None,65460,64887,573,10.20.133.43,172.67.191.106,443,No Web Access,,Blocked by URL filtering,Block URLs Whose Category is Listed in Blocked URL Categories,multimedia.corprensa.com/la-prensa/assets/card-user.svg,GET,application/x-empty,Safari,26.4,"Mozilla/5.0 (Macintosh; Intel Mac OS X 10_15_7) AppleWebKit/605.1.15 (KHTML, like Gecko) Version/26.4 Safari/605.1.15",403,,safari,true,257,US,https://www.prensa.com/,false,true,false,false,bd01l05010.local,card-user.svg,131.229.181.47,131.229.181.147,8080,false,0,,TLSv1.3,,,288ms ,65ms ,0s,0s
2026-07-16T16:23:40,multimedia.corprensa.com,38.7.102.74,advc2808,Unknown,Unknown,Minimal Risk,Business,BLOCK,None,65458,64886,572,10.20.133.43,172.67.191.106,443,No Web Access,,Blocked by URL filtering,Block URLs Whose Category is Listed in Blocked URL Categories,multimedia.corprensa.com/la-prensa/assets/tal_cual.jpg,GET,application/x-empty,Safari,26.4,"Mozilla/5.0 (Macintosh; Intel Mac OS X 10_15_7) AppleWebKit/605.1.15 (KHTML, like Gecko) Version/26.4 Safari/605.1.15",403,,safari,true,257,US,https://www.prensa.com/,false,true,false,false,bd01l05010.local,tal_cual.jpg,131.229.181.47,131.229.181.147,8080,false,0,,TLSv1.3,,,313ms ,66ms ,0s,0s
2026-07-16T16:23:40,googleads.g.doubleclick.net,38.7.102.74,advc2808,Google Marketing Platform,Marketing,Minimal Risk,Web Ads,BLOCK,None,66460,65496,964,10.20.133.43,142.250.176.66,443,No Web Access,,Blocked by URL filtering,Block URLs Whose Category is Listed in Blocked URL Categories,googleads.g.doubleclick.net/pagead/viewthroughconversion/16798382956/,GET,application/x-empty,Safari,26.4,"Mozilla/5.0 (Macintosh; Intel Mac OS X 10_15_7) AppleWebKit/605.1.15 (KHTML, like Gecko) Version/26.4 Safari/605.1.15",403,,safari,true,257,US,https://www.prensa.com/,false,true,false,false,bd01l05010.local,,131.229.181.47,131.229.181.147,8080,false,0,,TLSv1.3,,,329ms ,65ms ,0s,0s
2026-07-16T16:23:40,multimedia.corprensa.com,38.7.102.74,advc2808,Unknown,Unknown,Minimal Risk,Business,BLOCK,None,65370,64895,475,10.20.133.43,172.67.191.106,443,No Web Access,,Blocked by URL filtering,Block URLs Whose Category is Listed in Blocked URL Categories,multimedia.corprensa.com/la-prensa/evolok/ev-em.min.css,GET,application/x-empty,Safari,26.4,"Mozilla/5.0 (Macintosh; Intel Mac OS X 10_15_7) AppleWebKit/605.1.15 (KHTML, like Gecko) Version/26.4 Safari/605.1.15",403,,safari,true,257,US,https://www.prensa.com/,false,true,false,false,bd01l05010.local,ev-em.min.css,131.229.181.47,131.229.181.147,8080,false,0,,TLSv1.3,,,271ms ,64ms ,0s,0s
2026-07-16T16:23:40,img.youtube.com,38.7.102.74,advc2808,YouTube,Content Sharing,Minimal Risk,Content Server,BLOCK,None,65450,64888,562,10.20.133.43,142.251.34.142,443,No Web Access,,Blocked by URL filtering,Block URLs Whose Category is Listed in Blocked URL Categories,img.youtube.com/vi/1KcC2aTE2n4/sddefault.jpg,GET,application/x-empty,Safari,26.4,"Mozilla/5.0 (Macintosh; Intel Mac OS X 10_15_7) AppleWebKit/605.1.15 (KHTML, like Gecko) Version/26.4 Safari/605.1.15",403,,safari,true,257,US,https://www.prensa.com/,false,true,false,false,bd01l05010.local,sddefault.jpg,131.229.181.47,131.229.181.147,8080,false,0,,TLSv1.3,,,321ms ,69ms ,0s,0s
2026-07-16T16:23:40,googleads.g.doubleclick.net,38.7.102.74,advc2808,Google Marketing Platform,Marketing,Minimal Risk,Web Ads,BLOCK,None,66561,65484,1077,10.20.133.43,142.251.35.98,443,No Web Access,,Blocked by URL filtering,Block URLs Whose Category is Listed in Blocked URL Categories,googleads.g.doubleclick.net/pagead/viewthroughconversion/16798382956/,GET,application/x-empty,Safari,26.4,"Mozilla/5.0 (Macintosh; Intel Mac OS X 10_15_7) AppleWebKit/605.1.15 (KHTML, like Gecko) Version/26.4 Safari/605.1.15",403,,safari,true,257,US,https://www.prensa.com/,false,true,false,false,bd01l05010.local,,131.229.181.47,131.229.181.147,8080,false,0,,TLSv1.3,,,270ms ,62ms ,0s,0s
2026-07-16T16:23:39,img.youtube.com,38.7.102.74,advc2808,YouTube,Content Sharing,Minimal Risk,Content Server,BLOCK,None,65450,64888,562,10.20.133.43,142.251.210.78,443,No Web Access,,Blocked by URL filtering,Block URLs Whose Category is Listed in Blocked URL Categories,img.youtube.com/vi/InlWpiv3U3c/sddefault.jpg,GET,application/x-empty,Safari,26.4,"Mozilla/5.0 (Macintosh; Intel Mac OS X 10_15_7) AppleWebKit/605.1.15 (KHTML, like Gecko) Version/26.4 Safari/605.1.15",403,,safari,true,257,US,https://www.prensa.com/,false,true,false,false,bd01l05010.local,sddefault.jpg,131.229.181.47,131.229.181.147,8080,false,0,,TLSv1.3,,,259ms ,71ms ,0s,0s
2026-07-16T16:23:39,multimedia.corprensa.com,38.7.102.74,advc2808,Unknown,Unknown,Minimal Risk,Business,BLOCK,None,65466,64890,576,10.20.133.43,172.67.191.106,443,No Web Access,,Blocked by URL filtering,Block URLs Whose Category is Listed in Blocked URL Categories,multimedia.corprensa.com/suscribete/assets/unibank-13.webp,GET,application/x-empty,Safari,26.4,"Mozilla/5.0 (Macintosh; Intel Mac OS X 10_15_7) AppleWebKit/605.1.15 (KHTML, like Gecko) Version/26.4 Safari/605.1.15",403,,safari,true,257,US,https://www.prensa.com/,false,true,false,false,bd01l05010.local,unibank-13.webp,131.229.181.47,131.229.181.147,8080,false,0,,TLSv1.3,,,188ms ,62ms ,0s,0s
2026-07-16T16:23:39,cdn.corprensa.com,38.7.102.74,advc2808,Unknown,Unknown,Minimal Risk,Content Server,BLOCK,None,65497,64953,544,10.20.133.43,172.67.191.106,443,No Web Access,,Blocked by URL filtering,Block URLs Whose Category is Listed in Blocked URL Categories,cdn.corprensa.com/server.php,GET,application/x-empty,Safari,26.4,"Mozilla/5.0 (Macintosh; Intel Mac OS X 10_15_7) AppleWebKit/605.1.15 (KHTML, like Gecko) Version/26.4 Safari/605.1.15",403,,safari,true,257,US,https://www.prensa.com/,false,true,false,false,bd01l05010.local,server.php,131.229.181.47,131.229.181.147,8080,false,0,,TLSv1.3,,,1s 333ms ,61ms ,0s,0s
2026-07-16T16:23:39,cdn.corprensa.com,38.7.102.74,advc2808,Unknown,Unknown,Minimal Risk,Content Server,BLOCK,None,65427,64906,521,10.20.133.43,172.67.191.106,443,No Web Access,,Blocked by URL filtering,Block URLs Whose Category is Listed in Blocked URL Categories,cdn.corprensa.com/la-prensa/titulares/mautic/form-portada.html,GET,application/x-empty,Safari,26.4,"Mozilla/5.0 (Macintosh; Intel Mac OS X 10_15_7) AppleWebKit/605.1.15 (KHTML, like Gecko) Version/26.4 Safari/605.1.15",403,,safari,true,257,US,https://www.prensa.com/,false,true,false,false,bd01l05010.local,form-portada.html,131.229.181.47,131.229.181.147,8080,false,0,,TLSv1.3,,,350ms ,70ms ,0s,0s
2026-07-16T16:23:39,ad.doubleclick.net,38.7.102.74,advc2808,Google Marketing Platform,Marketing,Minimal Risk,Web Ads,BLOCK,None,65548,64955,593,10.20.133.43,192.178.50.70,443,No Web Access,,Blocked by URL filtering,Block URLs Whose Category is Listed in Blocked URL Categories,ad.doubleclick.net/ccm/s/collect,POST,application/x-empty,Safari,26.4,"Mozilla/5.0 (Macintosh; Intel Mac OS X 10_15_7) AppleWebKit/605.1.15 (KHTML, like Gecko) Version/26.4 Safari/605.1.15",403,,safari,true,257,US,https://www.prensa.com/,false,true,false,false,bd01l05010.local,collect,131.229.181.47,131.229.181.147,8080,false,0,,TLSv1.3,,,360ms ,63ms ,0s,0s
2026-07-16T16:23:39,s.go-mpulse.net,38.7.102.74,advc2808,Unknown,Unknown,Minimal Risk,Content Server,BLOCK,None,65352,64899,453,10.20.133.43,23.217.124.164,443,No Web Access,,Blocked by URL filtering,Block URLs Whose Category is Listed in Blocked URL Categories,s.go-mpulse.net/boomerang/FZ45R-XNEYK-7JYPC-93F5Q-T5UPP,GET,application/x-empty,Safari,26.4,"Mozilla/5.0 (Macintosh; Intel Mac OS X 10_15_7) AppleWebKit/605.1.15 (KHTML, like Gecko) Version/26.4 Safari/605.1.15",403,,safari,true,257,US,https://www.prensa.com/,false,true,false,false,bd01l05010.local,FZ45R-XNEYK-7JYPC-93F5Q-T5UPP,131.229.181.47,131.229.181.147,8080,false,0,,TLSv1.3,,,470ms ,62ms ,0s,0s
2026-07-16T16:23:39,cdn.corprensa.com,38.7.102.74,advc2808,Unknown,Unknown,Minimal Risk,Content Server,BLOCK,None,65425,64904,521,10.20.133.43,104.21.76.80,443,No Web Access,,Blocked by URL filtering,Block URLs Whose Category is Listed in Blocked URL Categories,cdn.corprensa.com/la-prensa/titulares/mautic/form-portada.html,GET,application/x-empty,Safari,26.4,"Mozilla/5.0 (Macintosh; Intel Mac OS X 10_15_7) AppleWebKit/605.1.15 (KHTML, like Gecko) Version/26.4 Safari/605.1.15",403,,safari,true,257,US,https://www.prensa.com/,false,true,false,false,bd01l05010.local,form-portada.html,131.229.181.47,131.229.181.147,8080,false,0,,TLSv1.3,,,343ms ,64ms ,0s,0s
2026-07-16T16:23:39,www.youtube.com,38.7.102.74,advc2808,YouTube,Content Sharing,Minimal Risk,"Streaming Media,Media Sharing",BLOCK,None,65524,64972,552,10.20.133.43,142.251.152.4,443,No Web Access,,Blocked by URL filtering,Block URLs Whose Category is Listed in Blocked URL Categories,www.youtube.com/embed/videoseries,GET,application/x-empty,Safari,26.4,"Mozilla/5.0 (Macintosh; Intel Mac OS X 10_15_7) AppleWebKit/605.1.15 (KHTML, like Gecko) Version/26.4 Safari/605.1.15",403,,safari,true,257,US,https://www.prensa.com/,false,true,false,false,bd01l05010.local,videoseries,131.229.181.47,131.229.181.147,8080,false,0,,TLSv1.3,,,1s 560ms ,66ms ,0s,0s
2026-07-16T16:23:39,multimedia.corprensa.com,38.7.102.74,advc2808,Unknown,Unknown,Minimal Risk,Business,BLOCK,None,65482,64898,584,10.20.133.43,172.67.191.106,443,No Web Access,,Blocked by URL filtering,Block URLs Whose Category is Listed in Blocked URL Categories,multimedia.corprensa.com/la-prensa/assets/logo_laprensa_panama.svg,GET,application/x-empty,Safari,26.4,"Mozilla/5.0 (Macintosh; Intel Mac OS X 10_15_7) AppleWebKit/605.1.15 (KHTML, like Gecko) Version/26.4 Safari/605.1.15",403,,safari,true,257,US,https://www.prensa.com/,false,true,false,false,bd01l05010.local,logo_laprensa_panama.svg,131.229.181.47,131.229.181.147,8080,false,0,,TLSv1.3,,,267ms ,72ms ,0s,0s
2026-07-16T16:23:39,multimedia.corprensa.com,38.7.102.74,advc2808,Unknown,Unknown,Minimal Risk,Business,BLOCK,None,65474,64894,580,10.20.133.43,172.67.191.106,443,No Web Access,,Blocked by URL filtering,Block URLs Whose Category is Listed in Blocked URL Categories,multimedia.corprensa.com/la-prensa/assets/sin_censura_solo.jpg,GET,application/x-empty,Safari,26.4,"Mozilla/5.0 (Macintosh; Intel Mac OS X 10_15_7) AppleWebKit/605.1.15 (KHTML, like Gecko) Version/26.4 Safari/605.1.15",403,,safari,true,257,US,https://www.prensa.com/,false,true,false,false,bd01l05010.local,sin_censura_solo.jpg,131.229.181.47,131.229.181.147,8080,false,0,,TLSv1.3,,,248ms ,61ms ,0s,0s
2026-07-16T16:23:39,multimedia.corprensa.com,38.7.102.74,advc2808,Unknown,Unknown,Minimal Risk,Business,BLOCK,None,65480,64897,583,10.20.133.43,172.67.191.106,443,No Web Access,,Blocked by URL filtering,Block URLs Whose Category is Listed in Blocked URL Categories,multimedia.corprensa.com/la-prensa/assets/sabado_picante_solo.jpg,GET,application/x-empty,Safari,26.4,"Mozilla/5.0 (Macintosh; Intel Mac OS X 10_15_7) AppleWebKit/605.1.15 (KHTML, like Gecko) Version/26.4 Safari/605.1.15",403,,safari,true,257,US,https://www.prensa.com/,false,true,false,false,bd01l05010.local,sabado_picante_solo.jpg,131.229.181.47,131.229.181.147,8080,false,0,,TLSv1.3,,,250ms ,63ms ,0s,0s
2026-07-16T16:23:39,datafactory.corprensa.com,38.7.102.74,advc2808,Unknown,Unknown,Minimal Risk,Business,BLOCK,None,65547,64963,584,10.20.133.43,104.21.76.80,443,No Web Access,,Blocked by URL filtering,Block URLs Whose Category is Listed in Blocked URL Categories,datafactory.corprensa.com/html/v3/minapp/modules/futbol/page/page.html,GET,application/x-empty,Safari,26.4,"Mozilla/5.0 (Macintosh; Intel Mac OS X 10_15_7) AppleWebKit/605.1.15 (KHTML, like Gecko) Version/26.4 Safari/605.1.15",403,,safari,true,257,US,https://www.prensa.com/,false,true,false,false,bd01l05010.local,page.html,131.229.181.47,131.229.181.147,8080,false,0,,TLSv1.3,,,1s 337ms ,67ms ,0s,0s
2026-07-16T16:23:39,multimedia.corprensa.com,38.7.102.74,advc2808,Unknown,Unknown,Minimal Risk,Business,BLOCK,None,65464,64888,576,10.20.133.43,104.21.76.80,443,No Web Access,,Blocked by URL filtering,Block URLs Whose Category is Listed in Blocked URL Categories,multimedia.corprensa.com/la-prensa/assets/default_user.png,GET,application/x-empty,Safari,26.4,"Mozilla/5.0 (Macintosh; Intel Mac OS X 10_15_7) AppleWebKit/605.1.15 (KHTML, like Gecko) Version/26.4 Safari/605.1.15",403,,safari,true,257,US,https://www.prensa.com/,false,true,false,false,bd01l05010.local,default_user.png,131.229.181.47,131.229.181.147,8080,false,0,,TLSv1.3,,,240ms ,69ms ,0s,0s
2026-07-16T16:23:39,multimedia.corprensa.com,38.7.102.74,advc2808,Unknown,Unknown,Minimal Risk,Business,BLOCK,None,65358,64896,462,10.20.133.43,172.67.191.106,443,No Web Access,,Blocked by URL filtering,Block URLs Whose Category is Listed in Blocked URL Categories,multimedia.corprensa.com/la-prensa/assets/la-prensa.js,GET,application/x-empty,Safari,26.4,"Mozilla/5.0 (Macintosh; Intel Mac OS X 10_15_7) AppleWebKit/605.1.15 (KHTML, like Gecko) Version/26.4 Safari/605.1.15",403,,safari,true,257,US,https://www.prensa.com/,false,true,false,false,bd01l05010.local,la-prensa.js,131.229.181.47,131.229.181.147,8080,false,0,,TLSv1.3,,,299ms ,69ms ,0s,0s
2026-07-16T16:23:39,img.youtube.com,38.7.102.74,advc2808,YouTube,Content Sharing,Minimal Risk,Content Server,BLOCK,None,65449,64887,562,10.20.133.43,192.178.50.78,443,No Web Access,,Blocked by URL filtering,Block URLs Whose Category is Listed in Blocked URL Categories,img.youtube.com/vi/yJEOURc3ZLA/sddefault.jpg,GET,application/x-empty,Safari,26.4,"Mozilla/5.0 (Macintosh; Intel Mac OS X 10_15_7) AppleWebKit/605.1.15 (KHTML, like Gecko) Version/26.4 Safari/605.1.15",403,,safari,true,257,US,https://www.prensa.com/,false,true,false,false,bd01l05010.local,sddefault.jpg,131.229.181.47,131.229.181.147,8080,false,0,,TLSv1.3,,,1s 354ms ,64ms ,0s,0s
2026-07-16T16:23:38,multimedia.corprensa.com,38.7.102.74,advc2808,Unknown,Unknown,Minimal Risk,Business,BLOCK,None,65354,64894,460,10.20.133.43,172.67.191.106,443,No Web Access,,Blocked by URL filtering,Block URLs Whose Category is Listed in Blocked URL Categories,multimedia.corprensa.com/la-prensa/evolok/ev-em.min.js,GET,application/x-empty,Safari,26.4,"Mozilla/5.0 (Macintosh; Intel Mac OS X 10_15_7) AppleWebKit/605.1.15 (KHTML, like Gecko) Version/26.4 Safari/605.1.15",403,,safari,true,257,US,https://www.prensa.com/,false,true,false,false,bd01l05010.local,ev-em.min.js,131.229.181.47,131.229.181.147,8080,false,0,,TLSv1.3,,,260ms ,65ms ,0s,0s
2026-07-16T16:23:38,sdk.mrf.io,38.7.102.74,advc2808,Unknown,Unknown,Minimal Risk,Content Server,BLOCK,None,65373,64905,468,10.20.133.43,104.19.220.32,443,No Web Access,,Blocked by URL filtering,Block URLs Whose Category is Listed in Blocked URL Categories,sdk.mrf.io/statics/marfeel-sdk.js,GET,application/x-empty,Safari,26.4,"Mozilla/5.0 (Macintosh; Intel Mac OS X 10_15_7) AppleWebKit/605.1.15 (KHTML, like Gecko) Version/26.4 Safari/605.1.15",403,,safari,true,257,US,https://www.prensa.com/,false,true,false,false,bd01l05010.local,marfeel-sdk.js,131.229.181.47,131.229.181.147,8080,false,0,,TLSv1.3,,,260ms ,64ms ,0s,0s
2026-07-16T16:23:38,multimedia.corprensa.com,38.7.102.74,advc2808,Unknown,Unknown,Minimal Risk,Business,BLOCK,None,65372,64895,477,10.20.133.43,104.21.76.80,443,No Web Access,,Blocked by URL filtering,Block URLs Whose Category is Listed in Blocked URL Categories,multimedia.corprensa.com/la-prensa/assets/la-prensa.css,GET,application/x-empty,Safari,26.4,"Mozilla/5.0 (Macintosh; Intel Mac OS X 10_15_7) AppleWebKit/605.1.15 (KHTML, like Gecko) Version/26.4 Safari/605.1.15",403,,safari,true,257,US,https://www.prensa.com/,false,true,false,false,bd01l05010.local,la-prensa.css,131.229.181.47,131.229.181.147,8080,false,0,,TLSv1.3,,,293ms ,64ms ,0s,0s
2026-07-16T16:23:38,multimedia.corprensa.com,38.7.102.74,advc2808,Unknown,Unknown,Minimal Risk,Business,BLOCK,None,65378,64906,472,10.20.133.43,172.67.191.106,443,No Web Access,,Blocked by URL filtering,Block URLs Whose Category is Listed in Blocked URL Categories,multimedia.corprensa.com/la-prensa/evolok/ev-init-prensacom22.js,GET,application/x-empty,Safari,26.4,"Mozilla/5.0 (Macintosh; Intel Mac OS X 10_15_7) AppleWebKit/605.1.15 (KHTML, like Gecko) Version/26.4 Safari/605.1.15",403,,safari,true,257,US,https://www.prensa.com/,false,true,false,false,bd01l05010.local,ev-init-prensacom22.js,131.229.181.47,131.229.181.147,8080,false,0,,TLSv1.3,,,439ms ,63ms ,0s,0s
2026-07-16T16:23:38,multimedia.corprensa.com,38.7.102.74,advc2808,Unknown,Unknown,Minimal Risk,Business,BLOCK,None,65482,64898,584,10.20.133.43,172.67.191.106,443,No Web Access,,Blocked by URL filtering,Block URLs Whose Category is Listed in Blocked URL Categories,multimedia.corprensa.com/la-prensa/assets/logo_laprensa_panama.svg,GET,application/x-empty,Safari,26.4,"Mozilla/5.0 (Macintosh; Intel Mac OS X 10_15_7) AppleWebKit/605.1.15 (KHTML, like Gecko) Version/26.4 Safari/605.1.15",403,,safari,true,257,US,https://www.prensa.com/,false,true,false,false,bd01l05010.local,logo_laprensa_panama.svg,131.229.181.47,131.229.181.147,8080,false,0,,TLSv1.3,,,295ms ,63ms ,0s,0s
2026-07-16T16:23:38,multimedia.corprensa.com,38.7.102.74,advc2808,Unknown,Unknown,Minimal Risk,Business,BLOCK,None,65460,64887,573,10.20.133.43,172.67.191.106,443,No Web Access,,Blocked by URL filtering,Block URLs Whose Category is Listed in Blocked URL Categories,multimedia.corprensa.com/la-prensa/assets/card-user.svg,GET,application/x-empty,Safari,26.4,"Mozilla/5.0 (Macintosh; Intel Mac OS X 10_15_7) AppleWebKit/605.1.15 (KHTML, like Gecko) Version/26.4 Safari/605.1.15",403,,safari,true,257,US,https://www.prensa.com/,false,true,false,false,bd01l05010.local,card-user.svg,131.229.181.47,131.229.181.147,8080,false,0,,TLSv1.3,,,296ms ,66ms ,0s,0s
2026-07-16T16:23:38,multimedia.corprensa.com,38.7.102.74,advc2808,Unknown,Unknown,Minimal Risk,Business,BLOCK,None,65374,64897,477,10.20.133.43,172.67.191.106,443,No Web Access,,Blocked by URL filtering,Block URLs Whose Category is Listed in Blocked URL Categories,multimedia.corprensa.com/la-prensa/assets/la-prensa.css,GET,application/x-empty,Safari,26.4,"Mozilla/5.0 (Macintosh; Intel Mac OS X 10_15_7) AppleWebKit/605.1.15 (KHTML, like Gecko) Version/26.4 Safari/605.1.15",403,,safari,true,257,US,https://www.prensa.com/,false,true,false,false,bd01l05010.local,la-prensa.css,131.229.181.47,131.229.181.147,8080,false,0,,TLSv1.3,,,248ms ,65ms ,0s,0s
2026-07-16T16:23:38,securepubads.g.doubleclick.net,38.7.102.74,advc2808,Google Marketing Platform,Marketing,Minimal Risk,Web Ads,BLOCK,None,65316,64874,442,10.20.133.43,142.251.34.130,443,No Web Access,,Blocked by URL filtering,Block URLs Whose Category is Listed in Blocked URL Categories,securepubads.g.doubleclick.net/tag/js/gpt.js,GET,application/x-empty,Safari,26.4,"Mozilla/5.0 (Macintosh; Intel Mac OS X 10_15_7) AppleWebKit/605.1.15 (KHTML, like Gecko) Version/26.4 Safari/605.1.15",403,,safari,true,257,US,https://www.prensa.com/,false,true,false,false,bd01l05010.local,gpt.js,131.229.181.47,131.229.181.147,8080,false,0,,TLSv1.3,,,328ms ,67ms ,0s,0s
2026-07-16T16:23:38,cdn.onesignal.com,38.7.102.74,advc2808,OneSignal ,Marketing,Minimal Risk,"Content Server,Internet Services",BLOCK,None,65356,64920,436,10.20.133.43,104.17.111.223,443,No Web Access,,Blocked by URL filtering,Block URLs Whose Category is Listed in Blocked URL Categories,cdn.onesignal.com/sdks/OneSignalSDK.js,GET,application/x-empty,Safari,26.4,"Mozilla/5.0 (Macintosh; Intel Mac OS X 10_15_7) AppleWebKit/605.1.15 (KHTML, like Gecko) Version/26.4 Safari/605.1.15",403,,safari,true,257,US,https://www.prensa.com/,false,true,false,false,bd01l05010.local,OneSignalSDK.js,131.229.181.47,131.229.181.147,8080,false,0,,TLSv1.3,,,350ms ,62ms ,0s,0s
2026-07-16T16:23:34,ep1.adtrafficquality.google,38.7.102.74,advc2808,Unknown,Unknown,Minimal Risk,Internet Services,BLOCK,None,65520,64990,530,10.20.133.43,192.178.50.66,443,No Web Access,,Blocked by URL filtering,Block URLs Whose Category is Listed in Blocked URL Categories,ep1.adtrafficquality.google/getconfig/sodar,GET,application/x-empty,Safari,26.4,"Mozilla/5.0 (Macintosh; Intel Mac OS X 10_15_7) AppleWebKit/605.1.15 (KHTML, like Gecko) Version/26.4 Safari/605.1.15",403,,safari,true,257,US,https://www.google.com/,false,true,false,false,bd01l05010.local,sodar,131.229.181.47,131.229.181.147,8080,false,0,,TLSv1.3,,,396ms ,63ms ,0s,0s
2026-07-16T16:23:30,a.nel.cloudflare.com,38.7.102.74,advc2808,Cloudflare,Networking,Minimal Risk,Internet Services,BLOCK,None,65796,65151,645,10.20.133.43,35.190.80.1,443,No Web Access,,Blocked by URL filtering,Block URLs Whose Category is Listed in Blocked URL Categories,a.nel.cloudflare.com/report/v4,OPTIONS,application/x-empty,Electron,41.1.0,"Mozilla/5.0 (Macintosh; Intel Mac OS X 10_15_7) AppleWebKit/537.36 (KHTML, like Gecko) canvadesktopapp-prod/1.122.1 Chrome/146.0.7680.166 Electron/41.1.0 Safari/537.36 (distribution-channel/mac-app-s",403,,canva helper,true,257,US,,false,true,false,false,bd01l05010.local,v4,131.229.181.47,131.229.181.147,8080,false,0,,TLSv1.3,,,267ms ,64ms ,0s,0s
2026-07-16T16:23:21,ss-prod-ue1-ns.aws.adobess.com,38.7.102.74,advc2808,Unknown,Unknown,Minimal Risk,"Business,Software/Hardware",BLOCK,None,66775,65117,1658,10.20.133.43,174.129.240.188,443,No Web Access,,Blocked by URL filtering,Block URLs Whose Category is Listed in Blocked URL Categories,ss-prod-ue1-ns.aws.adobess.com/api/v1/notifications,GET,application/x-empty,Other,,Adobe UXP Runtime/uxp-9.3.0-uxp (darwin 25.4.0; arm64) Adobe Photoshop/27.8.0 com.adobe.ccx.start/10.9.0.13,403,,adobe photoshop 2026,true,257,US,,false,true,false,false,bd01l05010.local,notifications,131.229.181.47,131.229.181.147,8080,false,0,,TLSv1.3,,,191ms ,67ms ,0s,0s
2026-07-16T16:22:58,dns.google,38.7.102.74,advc2808,Unknown,Unknown,Minimal Risk,Internet Services,BLOCK,None,64587,64242,345,10.20.133.43,8.8.4.4,443,No Web Access,,Blocked by URL filtering,Block URLs Whose Category is Listed in Blocked URL Categories,dns.google/dns-query,GET,application/x-empty,Other,,Chrome,403,,microsoft teams webview helper,true,257,US,,false,true,false,false,bd01l05010.local,dns-query,131.229.181.47,131.229.181.147,8080,false,0,,TLSv1.3,,,284ms ,67ms ,0s,0s
2026-07-16T16:22:58,chrome.cloudflare-dns.com,38.7.102.74,advc2808,Unknown,Unknown,Minimal Risk,Anonymizing Utilities,BLOCK,None,64489,64116,373,10.20.133.43,172.64.41.3,443,No Web Access,,Blocked by URL filtering,Block URLs Whose Category is Listed in Blocked URL Categories,chrome.cloudflare-dns.com/dns-query,POST,application/x-empty,Other,,Chrome,403,,microsoft teams webview helper,true,257,US,,false,true,false,false,bd01l05010.local,dns-query,131.229.181.47,131.229.181.147,8080,false,0,,TLSv1.3,,,233ms ,61ms ,0s,0s
2026-07-16T16:22:56,ccn.com,38.7.102.74,advc2808,Unknown,Unknown,Minimal Risk,Finance/Banking,BLOCK,None,65311,64852,459,10.20.133.43,172.66.43.61,443,No Web Access,,Blocked by URL filtering,Block URLs Whose Category is Listed in Blocked URL Categories,ccn.com/,GET,application/x-empty,Safari,26.4,"Mozilla/5.0 (Macintosh; Intel Mac OS X 10_15_7) AppleWebKit/605.1.15 (KHTML, like Gecko) Version/26.4 Safari/605.1.15",403,,safari,true,257,US,,false,true,false,false,bd01l05010.local,,131.229.181.47,131.229.181.147,8080,false,0,,TLSv1.3,,,477ms ,86ms ,0s,0s
2026-07-16T16:22:55,ss-prod-ue1-ns.aws.adobess.com,38.7.102.74,advc2808,Unknown,Unknown,Minimal Risk,"Business,Software/Hardware",BLOCK,None,66562,64986,1576,10.20.133.43,34.233.251.59,443,No Web Access,,Blocked by URL filtering,Block URLs Whose Category is Listed in Blocked URL Categories,ss-prod-ue1-ns.aws.adobess.com/api/v1/notifications,GET,application/x-empty,Other,,Adobe UXP Runtime/uxp-9.3.0-local (darwin 25.4.0; arm64) Illustrator/30.6.0 com.adobe.ccx.start/10.9.1.1,403,,adobe illustrator,true,257,US,,false,true,false,false,bd01l05010.local,notifications,131.229.181.47,131.229.181.147,8080,false,0,,TLSv1.3,,,269ms ,65ms ,0s,0s
2026-07-16T16:22:54,chatgpt.com,38.7.102.74,advc2808,OpenAI - ChatGPT,Artificial Intelligence,Minimal Risk,"Interactive Web Applications,Artificial Intelligence",BLOCK,None,73504,64932,8572,10.20.133.43,104.18.32.47,443,No Web Access,,Blocked by URL filtering,Block URLs Whose Category is Listed in Blocked URL Categories,chatgpt.com/,GET,application/x-empty,Safari,26.4,"Mozilla/5.0 (Macintosh; Intel Mac OS X 10_15_7) AppleWebKit/605.1.15 (KHTML, like Gecko) Version/26.4 Safari/605.1.15",403,,safari,true,257,US,,false,true,false,false,bd01l05010.local,,131.229.181.47,131.229.181.147,8080,false,0,,TLSv1.3,,,191ms ,63ms ,0s,0s
2026-07-16T16:22:44,www.bbc.com,38.7.102.74,advc2808,Unknown,Unknown,Minimal Risk,General News,BLOCK,None,67899,64852,3047,10.20.133.43,151.101.252.81,443,No Web Access,,Blocked by URL filtering,Block URLs Whose Category is Listed in Blocked URL Categories,www.bbc.com/,GET,application/x-empty,Safari,26.4,"Mozilla/5.0 (Macintosh; Intel Mac OS X 10_15_7) AppleWebKit/605.1.15 (KHTML, like Gecko) Version/26.4 Safari/605.1.15",403,,safari,true,257,US,,false,true,false,false,bd01l05010.local,,131.229.181.47,131.229.181.147,8080,false,0,,TLSv1.3,,,656ms ,69ms ,0s,0s
2026-07-16T16:22:42,ss-prod-ue1-ns.aws.adobess.com,38.7.102.74,advc2808,Unknown,Unknown,Minimal Risk,"Business,Software/Hardware",BLOCK,None,66047,64193,1854,10.20.133.43,34.233.251.59,443,No Web Access,,Blocked by URL filtering,Block URLs Whose Category is Listed in Blocked URL Categories,ss-prod-ue1-ns.aws.adobess.com/api/v1/notifications,GET,application/x-empty,Other,,CoreSync: 7.8.10.1 And MacOS Version 26.4 (Build 25E246),403,,core sync,true,257,US,,false,true,false,false,bd01l05010.local,notifications,131.229.181.47,131.229.181.147,8080,false,0,,TLSv1.3,,,208ms ,75ms ,0s,0s
2026-07-16T16:22:23,dns.google,38.7.102.74,advc2808,Unknown,Unknown,Minimal Risk,Internet Services,BLOCK,None,64587,64242,345,10.20.133.43,8.8.4.4,443,No Web Access,,Blocked by URL filtering,Block URLs Whose Category is Listed in Blocked URL Categories,dns.google/dns-query,GET,application/x-empty,Other,,Chrome,403,,microsoft teams webview helper,true,257,US,,false,true,false,false,bd01l05010.local,dns-query,131.229.181.47,131.229.181.147,8080,false,0,,TLSv1.3,,,234ms ,66ms ,0s,0s
2026-07-16T16:22:23,chrome.cloudflare-dns.com,38.7.102.74,advc2808,Unknown,Unknown,Minimal Risk,Anonymizing Utilities,BLOCK,None,64489,64116,373,10.20.133.43,172.64.41.3,443,No Web Access,,Blocked by URL filtering,Block URLs Whose Category is Listed in Blocked URL Categories,chrome.cloudflare-dns.com/dns-query,POST,application/x-empty,Other,,Chrome,403,,microsoft teams webview helper,true,257,US,,false,true,false,false,bd01l05010.local,dns-query,131.229.181.47,131.229.181.147,8080,false,0,,TLSv1.3,,,246ms ,63ms ,0s,0s
2026-07-16T16:22:01,dns.google,38.7.102.74,advc2808,Unknown,Unknown,Minimal Risk,Internet Services,BLOCK,None,64549,64204,345,10.20.133.43,8.8.4.4,443,No Web Access,,Blocked by URL filtering,Block URLs Whose Category is Listed in Blocked URL Categories,dns.google/dns-query,GET,application/x-empty,Other,,Chrome,403,,microsoft teams webview helper,true,257,US,,false,true,false,false,bd01l05010.local,dns-query,131.229.181.47,131.229.181.147,8080,false,0,,TLSv1.3,,,132ms ,5ms ,0s,0s
2026-07-16T16:21:59,chrome.cloudflare-dns.com,38.7.102.74,advc2808,Unknown,Unknown,Minimal Risk,Anonymizing Utilities,BLOCK,None,64451,64078,373,10.20.133.43,172.64.41.3,443,No Web Access,,Blocked by URL filtering,Block URLs Whose Category is Listed in Blocked URL Categories,chrome.cloudflare-dns.com/dns-query,POST,application/x-empty,Other,,Chrome,403,,microsoft teams webview helper,true,257,US,,false,true,false,false,bd01l05010.local,dns-query,131.229.181.47,131.229.181.147,8080,false,0,,TLSv1.3,,,180ms ,6ms ,0s,0s
2026-07-16T16:21:46,dns.google,38.7.102.74,advc2808,Unknown,Unknown,Minimal Risk,Internet Services,BLOCK,None,64549,64204,345,10.20.133.43,8.8.8.8,443,No Web Access,,Blocked by URL filtering,Block URLs Whose Category is Listed in Blocked URL Categories,dns.google/dns-query,GET,application/x-empty,Other,,Chrome,403,,microsoft teams webview helper,true,257,US,,false,true,false,false,bd01l05010.local,dns-query,131.229.181.47,131.229.181.147,8080,false,0,,TLSv1.3,,,248ms ,7ms ,0s,0s
2026-07-16T16:21:42,chrome.cloudflare-dns.com,38.7.102.74,advc2808,Unknown,Unknown,Minimal Risk,Anonymizing Utilities,BLOCK,None,64452,64079,373,10.20.133.43,162.159.61.3,443,No Web Access,,Blocked by URL filtering,Block URLs Whose Category is Listed in Blocked URL Categories,chrome.cloudflare-dns.com/dns-query,POST,application/x-empty,Other,,Chrome,403,,microsoft teams webview helper,true,257,US,,false,true,false,false,bd01l05010.local,dns-query,131.229.181.47,131.229.181.147,8080,false,0,,TLSv1.3,,,354ms ,5ms ,0s,0s
2026-07-16T16:21:37,dns.google,38.7.102.74,advc2808,Unknown,Unknown,Minimal Risk,Internet Services,BLOCK,None,64549,64204,345,10.20.133.43,8.8.4.4,443,No Web Access,,Blocked by URL filtering,Block URLs Whose Category is Listed in Blocked URL Categories,dns.google/dns-query,GET,application/x-empty,Other,,Chrome,403,,microsoft teams webview helper,true,257,US,,false,true,false,false,bd01l05010.local,dns-query,131.229.181.47,131.229.181.147,8080,false,0,,TLSv1.3,,,239ms ,5ms ,0s,0s
2026-07-16T16:21:31,chrome.cloudflare-dns.com,38.7.102.74,advc2808,Unknown,Unknown,Minimal Risk,Anonymizing Utilities,BLOCK,None,64452,64079,373,10.20.133.43,162.159.61.3,443,No Web Access,,Blocked by URL filtering,Block URLs Whose Category is Listed in Blocked URL Categories,chrome.cloudflare-dns.com/dns-query,POST,application/x-empty,Other,,Chrome,403,,microsoft teams webview helper,true,257,US,,false,true,false,false,bd01l05010.local,dns-query,131.229.181.47,131.229.181.147,8080,false,0,,TLSv1.3,,,5s 179ms ,5ms ,0s,0s
2026-07-16T16:21:30,dns.google,38.7.102.74,advc2808,Unknown,Unknown,Minimal Risk,Internet Services,BLOCK,None,64549,64204,345,10.20.133.43,8.8.4.4,443,No Web Access,,Blocked by URL filtering,Block URLs Whose Category is Listed in Blocked URL Categories,dns.google/dns-query,GET,application/x-empty,Other,,Chrome,403,,microsoft teams webview helper,true,257,US,,false,true,false,false,bd01l05010.local,dns-query,131.229.181.47,131.229.181.147,8080,false,0,,TLSv1.3,,,232ms ,5ms ,0s,0s
2026-07-16T16:21:25,chrome.cloudflare-dns.com,38.7.102.74,advc2808,Unknown,Unknown,Minimal Risk,Anonymizing Utilities,BLOCK,None,64452,64079,373,10.20.133.43,162.159.61.3,443,No Web Access,,Blocked by URL filtering,Block URLs Whose Category is Listed in Blocked URL Categories,chrome.cloudflare-dns.com/dns-query,POST,application/x-empty,Other,,Chrome,403,,microsoft teams webview helper,true,257,US,,false,true,false,false,bd01l05010.local,dns-query,131.229.181.47,131.229.181.147,8080,false,0,,TLSv1.3,,,191ms ,5ms ,0s,0s
2026-07-16T16:21:25,dns.google,38.7.102.74,advc2808,Unknown,Unknown,Minimal Risk,Internet Services,BLOCK,None,64549,64204,345,10.20.133.43,8.8.8.8,443,No Web Access,,Blocked by URL filtering,Block URLs Whose Category is Listed in Blocked URL Categories,dns.google/dns-query,GET,application/x-empty,Other,,Chrome,403,,microsoft teams webview helper,true,257,US,,false,true,false,false,bd01l05010.local,dns-query,131.229.181.47,131.229.181.147,8080,false,0,,TLSv1.3,,,190ms ,5ms ,0s,0s
2026-07-16T16:21:22,dns.google,38.7.102.74,advc2808,Unknown,Unknown,Minimal Risk,Internet Services,BLOCK,None,64549,64204,345,10.20.133.43,8.8.4.4,443,No Web Access,,Blocked by URL filtering,Block URLs Whose Category is Listed in Blocked URL Categories,dns.google/dns-query,GET,application/x-empty,Other,,Chrome,403,,microsoft teams webview helper,true,257,US,,false,true,false,false,bd01l05010.local,dns-query,131.229.181.47,131.229.181.147,8080,false,0,,TLSv1.3,,,177ms ,6ms ,0s,0s
2026-07-16T16:21:21,chrome.cloudflare-dns.com,38.7.102.74,advc2808,Unknown,Unknown,Minimal Risk,Anonymizing Utilities,BLOCK,None,64452,64079,373,10.20.133.43,162.159.61.3,443,No Web Access,,Blocked by URL filtering,Block URLs Whose Category is Listed in Blocked URL Categories,chrome.cloudflare-dns.com/dns-query,POST,application/x-empty,Other,,Chrome,403,,microsoft teams webview helper,true,257,US,,false,true,false,false,bd01l05010.local,dns-query,131.229.181.47,131.229.181.147,8080,false,0,,TLSv1.3,,,217ms ,5ms ,0s,0s
2026-07-16T16:21:20,ss-prod-ue1-ns.aws.adobess.com,38.7.102.74,advc2808,Unknown,Unknown,Minimal Risk,"Business,Software/Hardware",BLOCK,None,66010,64156,1854,10.20.133.43,44.194.146.144,443,No Web Access,,Blocked by URL filtering,Block URLs Whose Category is Listed in Blocked URL Categories,ss-prod-ue1-ns.aws.adobess.com/api/v1/notifications,GET,application/x-empty,Other,,CoreSync: 7.8.10.1 And MacOS Version 26.4 (Build 25E246),403,,core sync,true,257,US,,false,true,false,false,bd01l05010.local,notifications,131.229.181.47,131.229.181.147,8080,false,0,,TLSv1.3,,,139ms ,5ms ,0s,0s
2026-07-16T16:21:20,dns.google,38.7.102.74,advc2808,Unknown,Unknown,Minimal Risk,Internet Services,BLOCK,None,64549,64204,345,10.20.133.43,8.8.8.8,443,No Web Access,,Blocked by URL filtering,Block URLs Whose Category is Listed in Blocked URL Categories,dns.google/dns-query,GET,application/x-empty,Other,,Chrome,403,,microsoft teams webview helper,true,257,US,,false,true,false,false,bd01l05010.local,dns-query,131.229.181.47,131.229.181.147,8080,false,0,,TLSv1.3,,,192ms ,5ms ,0s,0s
2026-07-16T16:21:20,ss-prod-ue1-ns.aws.adobess.com,38.7.102.74,advc2808,Unknown,Unknown,Minimal Risk,"Business,Software/Hardware",BLOCK,None,66734,65076,1658,10.20.133.43,52.87.25.189,443,No Web Access,,Blocked by URL filtering,Block URLs Whose Category is Listed in Blocked URL Categories,ss-prod-ue1-ns.aws.adobess.com/api/v1/notifications,GET,application/x-empty,Other,,Adobe UXP Runtime/uxp-9.3.0-uxp (darwin 25.4.0; arm64) Adobe Photoshop/27.8.0 com.adobe.ccx.start/10.9.0.13,403,,adobe photoshop 2026,true,257,US,,false,true,false,false,bd01l05010.local,notifications,131.229.181.47,131.229.181.147,8080,false,0,,TLSv1.3,,,171ms ,6ms ,0s,0s
2026-07-16T16:21:19,dns.google,38.7.102.74,advc2808,Unknown,Unknown,Minimal Risk,Internet Services,BLOCK,None,64549,64204,345,10.20.133.43,8.8.8.8,443,No Web Access,,Blocked by URL filtering,Block URLs Whose Category is Listed in Blocked URL Categories,dns.google/dns-query,GET,application/x-empty,Other,,Chrome,403,,microsoft teams webview helper,true,257,US,,false,true,false,false,bd01l05010.local,dns-query,131.229.181.47,131.229.181.147,8080,false,0,,TLSv1.3,,,185ms ,6ms ,0s,0s
2026-07-16T16:21:18,chrome.cloudflare-dns.com,38.7.102.74,advc2808,Unknown,Unknown,Minimal Risk,Anonymizing Utilities,BLOCK,None,64452,64079,373,10.20.133.43,162.159.61.3,443,No Web Access,,Blocked by URL filtering,Block URLs Whose Category is Listed in Blocked URL Categories,chrome.cloudflare-dns.com/dns-query,POST,application/x-empty,Other,,Chrome,403,,microsoft teams webview helper,true,257,US,,false,true,false,false,bd01l05010.local,dns-query,131.229.181.47,131.229.181.147,8080,false,0,,TLSv1.3,,,175ms ,5ms ,0s,0s
2026-07-16T16:21:18,dns.google,38.7.102.74,advc2808,Unknown,Unknown,Minimal Risk,Internet Services,BLOCK,None,64549,64204,345,10.20.133.43,8.8.4.4,443,No Web Access,,Blocked by URL filtering,Block URLs Whose Category is Listed in Blocked URL Categories,dns.google/dns-query,GET,application/x-empty,Other,,Chrome,403,,microsoft teams webview helper,true,257,US,,false,true,false,false,bd01l05010.local,dns-query,131.229.181.47,131.229.181.147,8080,false,0,,TLSv1.3,,,178ms ,5ms ,0s,0s
2026-07-16T16:21:17,dns.google,38.7.102.74,advc2808,Unknown,Unknown,Minimal Risk,Internet Services,BLOCK,None,64549,64204,345,10.20.133.43,8.8.8.8,443,No Web Access,,Blocked by URL filtering,Block URLs Whose Category is Listed in Blocked URL Categories,dns.google/dns-query,GET,application/x-empty,Other,,Chrome,403,,microsoft teams webview helper,true,257,US,,false,true,false,false,bd01l05010.local,dns-query,131.229.181.47,131.229.181.147,8080,false,0,,TLSv1.3,,,182ms ,5ms ,0s,0s
2026-07-16T16:21:17,dns.google,38.7.102.74,advc2808,Unknown,Unknown,Minimal Risk,Internet Services,BLOCK,None,64549,64204,345,10.20.133.43,8.8.8.8,443,No Web Access,,Blocked by URL filtering,Block URLs Whose Category is Listed in Blocked URL Categories,dns.google/dns-query,GET,application/x-empty,Other,,Chrome,403,,microsoft teams webview helper,true,257,US,,false,true,false,false,bd01l05010.local,dns-query,131.229.181.47,131.229.181.147,8080,false,0,,TLSv1.3,,,188ms ,5ms ,0s,0s
2026-07-16T16:21:16,chrome.cloudflare-dns.com,38.7.102.74,advc2808,Unknown,Unknown,Minimal Risk,Anonymizing Utilities,BLOCK,None,64451,64078,373,10.20.133.43,172.64.41.3,443,No Web Access,,Blocked by URL filtering,Block URLs Whose Category is Listed in Blocked URL Categories,chrome.cloudflare-dns.com/dns-query,POST,application/x-empty,Other,,Chrome,403,,microsoft teams webview helper,true,257,US,,false,true,false,false,bd01l05010.local,dns-query,131.229.181.47,131.229.181.147,8080,false,0,,TLSv1.3,,,375ms ,5ms ,0s,0s
2026-07-16T16:21:15,chrome.cloudflare-dns.com,38.7.102.74,advc2808,Unknown,Unknown,Minimal Risk,Anonymizing Utilities,BLOCK,None,64452,64079,373,10.20.133.43,162.159.61.3,443,No Web Access,,Blocked by URL filtering,Block URLs Whose Category is Listed in Blocked URL Categories,chrome.cloudflare-dns.com/dns-query,POST,application/x-empty,Other,,Chrome,403,,microsoft teams webview helper,true,257,US,,false,true,false,false,bd01l05010.local,dns-query,131.229.181.47,131.229.181.147,8080,false,0,,TLSv1.3,,,247ms ,5ms ,0s,0s
2026-07-16T16:21:13,chrome.cloudflare-dns.com,38.7.102.74,advc2808,Unknown,Unknown,Minimal Risk,Anonymizing Utilities,BLOCK,None,64451,64078,373,10.20.133.43,172.64.41.3,443,No Web Access,,Blocked by URL filtering,Block URLs Whose Category is Listed in Blocked URL Categories,chrome.cloudflare-dns.com/dns-query,POST,application/x-empty,Other,,Chrome,403,,microsoft teams webview helper,true,257,US,,false,true,false,false,bd01l05010.local,dns-query,131.229.181.47,131.229.181.147,8080,false,0,,TLSv1.3,,,136ms ,5ms ,0s,0s
2026-07-16T16:21:13,chrome.cloudflare-dns.com,38.7.102.74,advc2808,Unknown,Unknown,Minimal Risk,Anonymizing Utilities,BLOCK,None,64452,64079,373,10.20.133.43,162.159.61.3,443,No Web Access,,Blocked by URL filtering,Block URLs Whose Category is Listed in Blocked URL Categories,chrome.cloudflare-dns.com/dns-query,POST,application/x-empty,Other,,Chrome,403,,microsoft teams webview helper,true,257,US,,false,true,false,false,bd01l05010.local,dns-query,131.229.181.47,131.229.181.147,8080,false,0,,TLSv1.3,,,200ms ,5ms ,0s,0s
2026-07-16T16:21:13,chrome.cloudflare-dns.com,38.7.102.74,advc2808,Unknown,Unknown,Minimal Risk,Anonymizing Utilities,BLOCK,None,64451,64078,373,10.20.133.43,172.64.41.3,443,No Web Access,,Blocked by URL filtering,Block URLs Whose Category is Listed in Blocked URL Categories,chrome.cloudflare-dns.com/dns-query,POST,application/x-empty,Other,,Chrome,403,,microsoft teams webview helper,true,257,US,,false,true,false,false,bd01l05010.local,dns-query,131.229.181.47,131.229.181.147,8080,false,0,,TLSv1.3,,,187ms ,5ms ,0s,0s
2026-07-16T16:21:12,dns.google,38.7.102.74,advc2808,Unknown,Unknown,Minimal Risk,Internet Services,BLOCK,None,64549,64204,345,10.20.133.43,8.8.8.8,443,No Web Access,,Blocked by URL filtering,Block URLs Whose Category is Listed in Blocked URL Categories,dns.google/dns-query,GET,application/x-empty,Other,,Chrome,403,,microsoft teams webview helper,true,257,US,,false,true,false,false,bd01l05010.local,dns-query,131.229.181.47,131.229.181.147,8080,false,0,,TLSv1.3,,,175ms ,5ms ,0s,0s
2026-07-16T16:21:12,dns.google,38.7.102.74,advc2808,Unknown,Unknown,Minimal Risk,Internet Services,BLOCK,None,64549,64204,345,10.20.133.43,8.8.4.4,443,No Web Access,,Blocked by URL filtering,Block URLs Whose Category is Listed in Blocked URL Categories,dns.google/dns-query,GET,application/x-empty,Other,,Chrome,403,,microsoft teams webview helper,true,257,US,,false,true,false,false,bd01l05010.local,dns-query,131.229.181.47,131.229.181.147,8080,false,0,,TLSv1.3,,,175ms ,6ms ,0s,0s
2026-07-16T16:21:11,chrome.cloudflare-dns.com,38.7.102.74,advc2808,Unknown,Unknown,Minimal Risk,Anonymizing Utilities,BLOCK,None,64452,64079,373,10.20.133.43,162.159.61.3,443,No Web Access,,Blocked by URL filtering,Block URLs Whose Category is Listed in Blocked URL Categories,chrome.cloudflare-dns.com/dns-query,POST,application/x-empty,Other,,Chrome,403,,microsoft teams webview helper,true,257,US,,false,true,false,false,bd01l05010.local,dns-query,131.229.181.47,131.229.181.147,8080,false,0,,TLSv1.3,,,195ms ,5ms ,0s,0s
2026-07-16T16:21:11,chrome.cloudflare-dns.com,38.7.102.74,advc2808,Unknown,Unknown,Minimal Risk,Anonymizing Utilities,BLOCK,None,64451,64078,373,10.20.133.43,172.64.41.3,443,No Web Access,,Blocked by URL filtering,Block URLs Whose Category is Listed in Blocked URL Categories,chrome.cloudflare-dns.com/dns-query,POST,application/x-empty,Other,,Chrome,403,,microsoft teams webview helper,true,257,US,,false,true,false,false,bd01l05010.local,dns-query,131.229.181.47,131.229.181.147,8080,false,0,,TLSv1.3,,,234ms ,5ms ,0s,0s
2026-07-16T16:21:11,dns.google,38.7.102.74,advc2808,Unknown,Unknown,Minimal Risk,Internet Services,BLOCK,None,64549,64204,345,10.20.133.43,8.8.4.4,443,No Web Access,,Blocked by URL filtering,Block URLs Whose Category is Listed in Blocked URL Categories,dns.google/dns-query,GET,application/x-empty,Other,,Chrome,403,,microsoft teams webview helper,true,257,US,,false,true,false,false,bd01l05010.local,dns-query,131.229.181.47,131.229.181.147,8080,false,0,,TLSv1.3,,,189ms ,5ms ,0s,0s
2026-07-16T16:21:10,dns.google,38.7.102.74,advc2808,Unknown,Unknown,Minimal Risk,Internet Services,BLOCK,None,64549,64204,345,10.20.133.43,8.8.8.8,443,No Web Access,,Blocked by URL filtering,Block URLs Whose Category is Listed in Blocked URL Categories,dns.google/dns-query,GET,application/x-empty,Other,,Chrome,403,,microsoft teams webview helper,true,257,US,,false,true,false,false,bd01l05010.local,dns-query,131.229.181.47,131.229.181.147,8080,false,0,,TLSv1.3,,,149ms ,5ms ,0s,0s
2026-07-16T16:21:10,chrome.cloudflare-dns.com,38.7.102.74,advc2808,Unknown,Unknown,Minimal Risk,Anonymizing Utilities,BLOCK,None,64452,64079,373,10.20.133.43,162.159.61.3,443,No Web Access,,Blocked by URL filtering,Block URLs Whose Category is Listed in Blocked URL Categories,chrome.cloudflare-dns.com/dns-query,POST,application/x-empty,Other,,Chrome,403,,microsoft teams webview helper,true,257,US,,false,true,false,false,bd01l05010.local,dns-query,131.229.181.47,131.229.181.147,8080,false,0,,TLSv1.3,,,230ms ,6ms ,0s,0s
2026-07-16T16:21:10,chrome.cloudflare-dns.com,38.7.102.74,advc2808,Unknown,Unknown,Minimal Risk,Anonymizing Utilities,BLOCK,None,64452,64079,373,10.20.133.43,162.159.61.3,443,No Web Access,,Blocked by URL filtering,Block URLs Whose Category is Listed in Blocked URL Categories,chrome.cloudflare-dns.com/dns-query,POST,application/x-empty,Other,,Chrome,403,,microsoft teams webview helper,true,257,US,,false,true,false,false,bd01l05010.local,dns-query,131.229.181.47,131.229.181.147,8080,false,0,,TLSv1.3,,,230ms ,5ms ,0s,0s
2026-07-16T16:21:10,chrome.cloudflare-dns.com,38.7.102.74,advc2808,Unknown,Unknown,Minimal Risk,Anonymizing Utilities,BLOCK,None,64452,64079,373,10.20.133.43,162.159.61.3,443,No Web Access,,Blocked by URL filtering,Block URLs Whose Category is Listed in Blocked URL Categories,chrome.cloudflare-dns.com/dns-query,POST,application/x-empty,Other,,Chrome,403,,microsoft teams webview helper,true,257,US,,false,true,false,false,bd01l05010.local,dns-query,131.229.181.47,131.229.181.147,8080,false,0,,TLSv1.3,,,237ms ,6ms ,0s,0s
2026-07-16T16:21:09,chrome.cloudflare-dns.com,38.7.102.74,advc2808,Unknown,Unknown,Minimal Risk,Anonymizing Utilities,BLOCK,None,64452,64079,373,10.20.133.43,162.159.61.3,443,No Web Access,,Blocked by URL filtering,Block URLs Whose Category is Listed in Blocked URL Categories,chrome.cloudflare-dns.com/dns-query,POST,application/x-empty,Other,,Chrome,403,,microsoft teams webview helper,true,257,US,,false,true,false,false,bd01l05010.local,dns-query,131.229.181.47,131.229.181.147,8080,false,0,,TLSv1.3,,,173ms ,5ms ,0s,0s
2026-07-16T16:21:09,dns.google,38.7.102.74,advc2808,Unknown,Unknown,Minimal Risk,Internet Services,BLOCK,None,64549,64204,345,10.20.133.43,8.8.4.4,443,No Web Access,,Blocked by URL filtering,Block URLs Whose Category is Listed in Blocked URL Categories,dns.google/dns-query,GET,application/x-empty,Other,,Chrome,403,,microsoft teams webview helper,true,257,US,,false,true,false,false,bd01l05010.local,dns-query,131.229.181.47,131.229.181.147,8080,false,0,,TLSv1.3,,,197ms ,5ms ,0s,0s
2026-07-16T16:21:09,dns.google,38.7.102.74,advc2808,Unknown,Unknown,Minimal Risk,Internet Services,BLOCK,None,64549,64204,345,10.20.133.43,8.8.4.4,443,No Web Access,,Blocked by URL filtering,Block URLs Whose Category is Listed in Blocked URL Categories,dns.google/dns-query,GET,application/x-empty,Other,,Chrome,403,,microsoft teams webview helper,true,257,US,,false,true,false,false,bd01l05010.local,dns-query,131.229.181.47,131.229.181.147,8080,false,0,,TLSv1.3,,,270ms ,5ms ,0s,0s
2026-07-16T16:21:09,dns.google,38.7.102.74,advc2808,Unknown,Unknown,Minimal Risk,Internet Services,BLOCK,None,64549,64204,345,10.20.133.43,8.8.8.8,443,No Web Access,,Blocked by URL filtering,Block URLs Whose Category is Listed in Blocked URL Categories,dns.google/dns-query,GET,application/x-empty,Other,,Chrome,403,,microsoft teams webview helper,true,257,US,,false,true,false,false,bd01l05010.local,dns-query,131.229.181.47,131.229.181.147,8080,false,0,,TLSv1.3,,,213ms ,5ms ,0s,0s
2026-07-16T16:21:09,dns.google,38.7.102.74,advc2808,Unknown,Unknown,Minimal Risk,Internet Services,BLOCK,None,64549,64204,345,10.20.133.43,8.8.4.4,443,No Web Access,,Blocked by URL filtering,Block URLs Whose Category is Listed in Blocked URL Categories,dns.google/dns-query,GET,application/x-empty,Other,,Chrome,403,,microsoft teams webview helper,true,257,US,,false,true,false,false,bd01l05010.local,dns-query,131.229.181.47,131.229.181.147,8080,false,0,,TLSv1.3,,,190ms ,5ms ,0s,0s
2026-07-16T16:20:48,cnn.com,38.7.102.74,advc2808,Unknown,Unknown,Minimal Risk,General News,BLOCK,None,69121,64809,4312,10.20.133.43,151.101.131.5,443,No Web Access,,Blocked by URL filtering,Block URLs Whose Category is Listed in Blocked URL Categories,cnn.com/,GET,application/x-empty,Safari,26.4,"Mozilla/5.0 (Macintosh; Intel Mac OS X 10_15_7) AppleWebKit/605.1.15 (KHTML, like Gecko) Version/26.4 Safari/605.1.15",403,,safari,true,257,US,,false,true,false,false,bd01l05010.local,,131.229.181.47,131.229.181.147,8080,false,0,,TLSv1.3,,,230ms ,7ms ,0s,0s
2026-07-16T16:20:37,cnn.com,38.7.102.74,advc2808,Unknown,Unknown,Minimal Risk,General News,BLOCK,None,69121,64809,4312,10.20.133.43,151.101.195.5,443,No Web Access,,Blocked by URL filtering,Block URLs Whose Category is Listed in Blocked URL Categories,cnn.com/,GET,application/x-empty,Safari,26.4,"Mozilla/5.0 (Macintosh; Intel Mac OS X 10_15_7) AppleWebKit/605.1.15 (KHTML, like Gecko) Version/26.4 Safari/605.1.15",403,,safari,true,257,US,,false,true,false,false,bd01l05010.local,,131.229.181.47,131.229.181.147,8080,false,0,,TLSv1.3,,,614ms ,28ms ,0s,0s
2026-07-16T16:20:35,ss-prod-ue1-ns.aws.adobess.com,38.7.102.74,advc2808,Unknown,Unknown,Minimal Risk,"Business,Software/Hardware",BLOCK,None,66009,64155,1854,10.20.133.43,54.158.80.202,443,No Web Access,,Blocked by URL filtering,Block URLs Whose Category is Listed in Blocked URL Categories,ss-prod-ue1-ns.aws.adobess.com/api/v1/notifications,GET,application/x-empty,Other,,CoreSync: 7.8.10.1 And MacOS Version 26.4 (Build 25E246),403,,core sync,true,257,US,,false,true,false,false,bd01l05010.local,notifications,131.229.181.47,131.229.181.147,8080,false,0,,TLSv1.3,,,234ms ,5ms ,0s,0s
2026-07-16T16:20:19,hbrt.adobe.com,38.7.102.74,advc2808,Unknown,Unknown,Minimal Risk,"Business,Software/Hardware",BLOCK,None,61336,61336,0,10.20.133.43,192.147.130.245,443,No Web Access,,TLS handshake failed,handshakefailed,hbrt.adobe.com/,CONNECT,application/x-empty,Other,,,500,,adobe photoshop 2026,true,257,US,,false,true,false,false,bd01l05010.local,,131.229.181.47,131.229.181.147,8080,false,0,,,,,34s 782ms ,2ms ,0s,0s
2026-07-16T16:14:44,hbrt.adobe.com,38.7.102.74,advc2808,Unknown,Unknown,Minimal Risk,"Business,Software/Hardware",BLOCK,None,61336,61336,0,10.20.133.43,192.147.130.245,443,No Web Access,,TLS handshake failed,handshakefailed,hbrt.adobe.com/,CONNECT,application/x-empty,Other,,,500,,adobe photoshop 2026,true,257,US,,false,true,false,false,bd01l05010.local,,131.229.181.47,131.229.181.147,8080,false,0,,,,,24s 180ms ,3ms ,0s,0s
2026-07-16T16:09:20,hbrt.adobe.com,38.7.102.74,advc2808,Unknown,Unknown,Minimal Risk,"Business,Software/Hardware",BLOCK,None,61336,61336,0,10.20.133.43,192.147.130.245,443,No Web Access,,TLS handshake failed,handshakefailed,hbrt.adobe.com/,CONNECT,application/x-empty,Other,,,500,,adobe photoshop 2026,true,257,US,,false,true,false,false,bd01l05010.local,,131.229.181.47,131.229.181.147,8080,false,0,,,,,2s 401ms ,2ms ,0s,0s
2026-07-16T16:04:17,hbrt.adobe.com,38.7.102.74,advc2808,Unknown,Unknown,Minimal Risk,"Business,Software/Hardware",BLOCK,None,61336,61336,0,10.20.133.43,192.147.130.245,443,No Web Access,,TLS handshake failed,handshakefailed,hbrt.adobe.com/,CONNECT,application/x-empty,Other,,,500,,adobe photoshop 2026,true,257,US,,false,true,false,false,bd01l05010.local,,131.229.181.47,131.229.181.147,8080,false,0,,,,,35s 541ms ,2ms ,0s,0s
2026-07-16T15:58:41,hbrt.adobe.com,38.7.102.74,advc2808,Unknown,Unknown,Minimal Risk,"Business,Software/Hardware",BLOCK,None,61336,61336,0,10.20.133.43,192.147.130.245,443,No Web Access,,TLS handshake failed,handshakefailed,hbrt.adobe.com/,CONNECT,application/x-empty,Other,,,500,,adobe photoshop 2026,true,257,US,,false,true,false,false,bd01l05010.local,,131.229.181.47,131.229.181.147,8080,false,0,,,,,23s 569ms ,4ms ,0s,0s
2026-07-16T15:53:18,hbrt.adobe.com,38.7.102.74,advc2808,Unknown,Unknown,Minimal Risk,"Business,Software/Hardware",BLOCK,None,61336,61336,0,10.20.133.43,192.147.130.245,443,No Web Access,,TLS handshake failed,handshakefailed,hbrt.adobe.com/,CONNECT,application/x-empty,Other,,,500,,adobe photoshop 2026,true,257,US,,false,true,false,false,bd01l05010.local,,131.229.181.47,131.229.181.147,8080,false,0,,,,,22s 330ms ,2ms ,0s,0s
2026-07-16T15:47:55,hbrt.adobe.com,38.7.102.74,advc2808,Unknown,Unknown,Minimal Risk,"Business,Software/Hardware",BLOCK,None,61336,61336,0,10.20.133.43,192.147.130.245,443,No Web Access,,TLS handshake failed,handshakefailed,hbrt.adobe.com/,CONNECT,application/x-empty,Other,,,500,,adobe photoshop 2026,true,257,US,,false,true,false,false,bd01l05010.local,,131.229.181.47,131.229.181.147,8080,false,0,,,,,10s 755ms ,2ms ,0s,0s
2026-07-16T15:42:44,hbrt.adobe.com,38.7.102.74,advc2808,Unknown,Unknown,Minimal Risk,"Business,Software/Hardware",BLOCK,None,61336,61336,0,10.20.133.43,192.147.130.245,443,No Web Access,,TLS handshake failed,handshakefailed,hbrt.adobe.com/,CONNECT,application/x-empty,Other,,,500,,adobe photoshop 2026,true,257,US,,false,true,false,false,bd01l05010.local,,131.229.181.47,131.229.181.147,8080,false,0,,,,,26s 623ms ,2ms ,0s,0s
2026-07-16T15:37:17,hbrt.adobe.com,38.7.102.74,advc2808,Unknown,Unknown,Minimal Risk,"Business,Software/Hardware",BLOCK,None,61336,61336,0,10.20.133.43,192.147.130.245,443,No Web Access,,TLS handshake failed,handshakefailed,hbrt.adobe.com/,CONNECT,application/x-empty,Other,,,500,,adobe photoshop 2026,true,257,US,,false,true,false,false,bd01l05010.local,,131.229.181.47,131.229.181.147,8080,false,0,,,,,23s 361ms ,3ms ,0s,0s
2026-07-16T15:31:53,hbrt.adobe.com,38.7.102.74,advc2808,Unknown,Unknown,Minimal Risk,"Business,Software/Hardware",BLOCK,None,61336,61336,0,10.20.133.43,192.147.130.245,443,No Web Access,,TLS handshake failed,handshakefailed,hbrt.adobe.com/,CONNECT,application/x-empty,Other,,,500,,adobe photoshop 2026,true,257,US,,false,true,false,false,bd01l05010.local,,131.229.181.47,131.229.181.147,8080,false,0,,,,,25s 813ms ,2ms ,0s,0s
2026-07-16T15:26:27,hbrt.adobe.com,38.7.102.74,advc2808,Unknown,Unknown,Minimal Risk,"Business,Software/Hardware",BLOCK,None,61336,61336,0,10.20.133.43,192.147.130.245,443,No Web Access,,TLS handshake failed,handshakefailed,hbrt.adobe.com/,CONNECT,application/x-empty,Other,,,500,,adobe photoshop 2026,true,257,US,,false,true,false,false,bd01l05010.local,,131.229.181.47,131.229.181.147,8080,false,0,,,,,23s 609ms ,6ms ,0s,0s
2026-07-16T15:21:03,hbrt.adobe.com,38.7.102.74,advc2808,Unknown,Unknown,Minimal Risk,"Business,Software/Hardware",BLOCK,None,61336,61336,0,10.20.133.43,192.147.130.245,443,No Web Access,,TLS handshake failed,handshakefailed,hbrt.adobe.com/,CONNECT,application/x-empty,Other,,,500,,adobe photoshop 2026,true,257,US,,false,true,false,false,bd01l05010.local,,131.229.181.47,131.229.181.147,8080,false,0,,,,,36s 426ms ,3ms ,0s,0s
2026-07-16T15:15:26,hbrt.adobe.com,38.7.102.74,advc2808,Unknown,Unknown,Minimal Risk,"Business,Software/Hardware",BLOCK,None,61336,61336,0,10.20.133.43,192.147.130.245,443,No Web Access,,TLS handshake failed,handshakefailed,hbrt.adobe.com/,CONNECT,application/x-empty,Other,,,500,,adobe photoshop 2026,true,257,US,,false,true,false,false,bd01l05010.local,,131.229.181.47,131.229.181.147,8080,false,0,,,,,28s 791ms ,2ms ,0s,0s
2026-07-16T15:09:57,hbrt.adobe.com,38.7.102.74,advc2808,Unknown,Unknown,Minimal Risk,"Business,Software/Hardware",BLOCK,None,61336,61336,0,10.20.133.43,192.147.130.245,443,No Web Access,,TLS handshake failed,handshakefailed,hbrt.adobe.com/,CONNECT,application/x-empty,Other,,,500,,adobe photoshop 2026,true,257,US,,false,true,false,false,bd01l05010.local,,131.229.181.47,131.229.181.147,8080,false,0,,,,,36s 303ms ,3ms ,0s,0s
2026-07-16T15:04:19,hbrt.adobe.com,38.7.102.74,advc2808,Unknown,Unknown,Minimal Risk,"Business,Software/Hardware",BLOCK,None,61336,61336,0,10.20.133.43,192.147.130.245,443,No Web Access,,TLS handshake failed,handshakefailed,hbrt.adobe.com/,CONNECT,application/x-empty,Other,,,500,,adobe photoshop 2026,true,257,US,,false,true,false,false,bd01l05010.local,,131.229.181.47,131.229.181.147,8080,false,0,,,,,28s 671ms ,2ms ,0s,0s
2026-07-16T14:58:50,hbrt.adobe.com,38.7.102.74,advc2808,Unknown,Unknown,Minimal Risk,"Business,Software/Hardware",BLOCK,None,61336,61336,0,10.20.133.43,192.147.130.245,443,No Web Access,,TLS handshake failed,handshakefailed,hbrt.adobe.com/,CONNECT,application/x-empty,Other,,,500,,adobe photoshop 2026,true,257,US,,false,true,false,false,bd01l05010.local,,131.229.181.47,131.229.181.147,8080,false,0,,,,,35s 804ms ,3ms ,0s,0s
2026-07-16T14:53:14,hbrt.adobe.com,38.7.102.74,advc2808,Unknown,Unknown,Minimal Risk,"Business,Software/Hardware",BLOCK,None,61336,61336,0,10.20.133.43,192.147.130.245,443,No Web Access,,TLS handshake failed,handshakefailed,hbrt.adobe.com/,CONNECT,application/x-empty,Other,,,500,,adobe photoshop 2026,true,257,US,,false,true,false,false,bd01l05010.local,,131.229.181.47,131.229.181.147,8080,false,0,,,,,22s 668ms ,2ms ,0s,0s
2026-07-16T14:47:51,hbrt.adobe.com,38.7.102.74,advc2808,Unknown,Unknown,Minimal Risk,"Business,Software/Hardware",BLOCK,None,61336,61336,0,10.20.133.43,192.147.130.245,443,No Web Access,,TLS handshake failed,handshakefailed,hbrt.adobe.com/,CONNECT,application/x-empty,Other,,,500,,adobe photoshop 2026,true,257,US,,false,true,false,false,bd01l05010.local,,131.229.181.47,131.229.181.147,8080,false,0,,,,,35s 107ms ,3ms ,0s,0s
2026-07-16T14:42:16,hbrt.adobe.com,38.7.102.74,advc2808,Unknown,Unknown,Minimal Risk,"Business,Software/Hardware",BLOCK,None,61336,61336,0,10.20.133.43,192.147.130.245,443,No Web Access,,TLS handshake failed,handshakefailed,hbrt.adobe.com/,CONNECT,application/x-empty,Other,,,500,,adobe photoshop 2026,true,257,US,,false,true,false,false,bd01l05010.local,,131.229.181.47,131.229.181.147,8080,false,0,,,,,18s 47ms ,2ms ,0s,0s
2026-07-16T14:36:57,hbrt.adobe.com,38.7.102.74,advc2808,Unknown,Unknown,Minimal Risk,"Business,Software/Hardware",BLOCK,None,61336,61336,0,10.20.133.43,192.147.130.245,443,No Web Access,,TLS handshake failed,handshakefailed,hbrt.adobe.com/,CONNECT,application/x-empty,Other,,,500,,adobe photoshop 2026,true,257,US,,false,true,false,false,bd01l05010.local,,131.229.181.47,131.229.181.147,8080,false,0,,,,,24s 585ms ,4ms ,0s,0s
2026-07-16T14:31:32,hbrt.adobe.com,38.7.102.74,advc2808,Unknown,Unknown,Minimal Risk,"Business,Software/Hardware",BLOCK,None,61336,61336,0,10.20.133.43,192.147.130.245,443,No Web Access,,TLS handshake failed,handshakefailed,hbrt.adobe.com/,CONNECT,application/x-empty,Other,,,500,,adobe photoshop 2026,true,257,US,,false,true,false,false,bd01l05010.local,,131.229.181.47,131.229.181.147,8080,false,0,,,,,26s 429ms ,3ms ,0s,0s
2026-07-16T14:26:05,hbrt.adobe.com,38.7.102.74,advc2808,Unknown,Unknown,Minimal Risk,"Business,Software/Hardware",BLOCK,None,61336,61336,0,10.20.133.43,192.147.130.245,443,No Web Access,,TLS handshake failed,handshakefailed,hbrt.adobe.com/,CONNECT,application/x-empty,Other,,,500,,adobe photoshop 2026,true,257,US,,false,true,false,false,bd01l05010.local,,131.229.181.47,131.229.181.147,8080,false,0,,,,,11s 532ms ,3ms ,0s,0s
2026-07-16T14:20:54,hbrt.adobe.com,38.7.102.74,advc2808,Unknown,Unknown,Minimal Risk,"Business,Software/Hardware",BLOCK,None,61336,61336,0,10.20.133.43,192.147.130.245,443,No Web Access,,TLS handshake failed,handshakefailed,hbrt.adobe.com/,CONNECT,application/x-empty,Other,,,500,,adobe photoshop 2026,true,257,US,,false,true,false,false,bd01l05010.local,,131.229.181.47,131.229.181.147,8080,false,0,,,,,23s 854ms ,2ms ,0s,0s
2026-07-16T14:15:29,hbrt.adobe.com,38.7.102.74,advc2808,Unknown,Unknown,Minimal Risk,"Business,Software/Hardware",BLOCK,None,61336,61336,0,10.20.133.43,192.147.130.245,443,No Web Access,,TLS handshake failed,handshakefailed,hbrt.adobe.com/,CONNECT,application/x-empty,Other,,,500,,adobe photoshop 2026,true,257,US,,false,true,false,false,bd01l05010.local,,131.229.181.47,131.229.181.147,8080,false,0,,,,,35s 798ms ,3ms ,0s,0s
2026-07-16T14:09:53,hbrt.adobe.com,38.7.102.74,advc2808,Unknown,Unknown,Minimal Risk,"Business,Software/Hardware",BLOCK,None,61336,61336,0,10.20.133.43,192.147.130.245,443,No Web Access,,TLS handshake failed,handshakefailed,hbrt.adobe.com/,CONNECT,application/x-empty,Other,,,500,,adobe photoshop 2026,true,257,US,,false,true,false,false,bd01l05010.local,,131.229.181.47,131.229.181.147,8080,false,0,,,,,27s 783ms ,2ms ,0s,0s
2026-07-16T14:04:25,hbrt.adobe.com,38.7.102.74,advc2808,Unknown,Unknown,Minimal Risk,"Business,Software/Hardware",BLOCK,None,61336,61336,0,10.20.133.43,192.147.130.245,443,No Web Access,,TLS handshake failed,handshakefailed,hbrt.adobe.com/,CONNECT,application/x-empty,Other,,,500,,adobe photoshop 2026,true,257,US,,false,true,false,false,bd01l05010.local,,131.229.181.47,131.229.181.147,8080,false,0,,,,,22s 902ms ,3ms ,0s,0s
2026-07-16T13:59:02,hbrt.adobe.com,38.7.102.74,advc2808,Unknown,Unknown,Minimal Risk,"Business,Software/Hardware",BLOCK,None,61336,61336,0,10.20.133.43,192.147.130.245,443,No Web Access,,TLS handshake failed,handshakefailed,hbrt.adobe.com/,CONNECT,application/x-empty,Other,,,500,,adobe photoshop 2026,true,257,US,,false,true,false,false,bd01l05010.local,,131.229.181.47,131.229.181.147,8080,false,0,,,,,35s 570ms ,3ms ,0s,0s
2026-07-16T13:53:26,hbrt.adobe.com,38.7.102.74,advc2808,Unknown,Unknown,Minimal Risk,"Business,Software/Hardware",BLOCK,None,61336,61336,0,10.20.133.43,192.147.130.245,443,No Web Access,,TLS handshake failed,handshakefailed,hbrt.adobe.com/,CONNECT,application/x-empty,Other,,,500,,adobe photoshop 2026,true,257,US,,false,true,false,false,bd01l05010.local,,131.229.181.47,131.229.181.147,8080,false,0,,,,,34s 325ms ,3ms ,0s,0s
2026-07-16T13:47:52,hbrt.adobe.com,38.7.102.74,advc2808,Unknown,Unknown,Minimal Risk,"Business,Software/Hardware",BLOCK,None,61336,61336,0,10.20.133.43,192.147.130.245,443,No Web Access,,TLS handshake failed,handshakefailed,hbrt.adobe.com/,CONNECT,application/x-empty,Other,,,500,,adobe photoshop 2026,true,257,US,,false,true,false,false,bd01l05010.local,,131.229.181.47,131.229.181.147,8080,false,0,,,,,11s 884ms ,3ms ,0s,0s
2026-07-16T13:42:39,hbrt.adobe.com,38.7.102.74,advc2808,Unknown,Unknown,Minimal Risk,"Business,Software/Hardware",BLOCK,None,61336,61336,0,10.20.133.43,192.147.130.245,443,No Web Access,,TLS handshake failed,handshakefailed,hbrt.adobe.com/,CONNECT,application/x-empty,Other,,,500,,adobe photoshop 2026,true,257,US,,false,true,false,false,bd01l05010.local,,131.229.181.47,131.229.181.147,8080,false,0,,,,,35s 760ms ,2ms ,0s,0s
2026-07-16T13:37:03,hbrt.adobe.com,38.7.102.74,advc2808,Unknown,Unknown,Minimal Risk,"Business,Software/Hardware",BLOCK,None,61336,61336,0,10.20.133.43,192.147.130.245,443,No Web Access,,TLS handshake failed,handshakefailed,hbrt.adobe.com/,CONNECT,application/x-empty,Other,,,500,,adobe photoshop 2026,true,257,US,,false,true,false,false,bd01l05010.local,,131.229.181.47,131.229.181.147,8080,false,0,,,,,24s 276ms ,2ms ,0s,0s
2026-07-16T13:31:39,hbrt.adobe.com,38.7.102.74,advc2808,Unknown,Unknown,Minimal Risk,"Business,Software/Hardware",BLOCK,None,61336,61336,0,10.20.133.43,192.147.130.245,443,No Web Access,,TLS handshake failed,handshakefailed,hbrt.adobe.com/,CONNECT,application/x-empty,Other,,,500,,adobe photoshop 2026,true,257,US,,false,true,false,false,bd01l05010.local,,131.229.181.47,131.229.181.147,8080,false,0,,,,,25s 970ms ,2ms ,0s,0s
2026-07-16T13:26:13,hbrt.adobe.com,38.7.102.74,advc2808,Unknown,Unknown,Minimal Risk,"Business,Software/Hardware",BLOCK,None,61336,61336,0,10.20.133.43,192.147.130.245,443,No Web Access,,TLS handshake failed,handshakefailed,hbrt.adobe.com/,CONNECT,application/x-empty,Other,,,500,,adobe photoshop 2026,true,257,US,,false,true,false,false,bd01l05010.local,,131.229.181.47,131.229.181.147,8080,false,0,,,,,23s 669ms ,6ms ,0s,0s
2026-07-16T01:33:59,hbrt.adobe.com,38.7.102.74,advc2808,Unknown,Unknown,Minimal Risk,"Business,Software/Hardware",BLOCK,None,61336,61336,0,10.20.133.43,192.147.130.245,443,No Web Access,,TLS handshake failed,handshakefailed,hbrt.adobe.com/,CONNECT,application/x-empty,Other,,,500,,adobe photoshop 2026,true,257,US,,false,true,false,false,bd01l05010.local,,131.229.181.47,131.229.181.147,8080,false,0,,,,,23s 334ms ,2ms ,0s,0s
